id,topic,content
232,0,"['交通', '民警', '良药', '大家伙', '经济社会', '管理体制', '条件', '单排', '汽车', '压力', '路段', '商圈', '机动车', '硬件', '硬伤']"
466,1,"['交通', '年轻人', '错题', '资料', '存款', '年度', '比重', '额度']"
613,1,"['软件', '服务器', '方式', '部分', '屏蔽', '旅客', '抢票', '财经', '会员', '功能', '技术部', '净网', '渠道']"
812,1,"['软件', '服务器', '方式', '屏蔽', '旅客', '抢票', '财经', '会员', '功能', '技术部', '部分', '渠道']"
837,2,"['铁路', '软件', '旅客', '售票', '业务', '网站', '票务', '多花钱', '工作人员', '办理', '隐形', '财经', '买票', '花钱', '回家']"
850,2,"['隧道', '车辆', '新华社', '压力', '交通', '钻孔', '据介绍', '名下', '会展中心', '投入使用', '公司', '高速运行', '参会者', '企业家', '埃隆']"
877,2,"['铁路', '软件', '旅客', '售票', '业务', '网站', '票务', '多花钱', '工作人员', '办理', '隐形', '财经', '买票', '花钱', '回家']"
898,2,"['隧道', '车辆', '新华社', '压力', '交通', '钻孔', '据介绍', '名下', '会展中心', '投入使用', '公司', '高速运行', '参会者', '企业家', '埃隆']"
1013,1,"['软件', '财经', '网警', '服务器', '净网', '方式', '屏蔽', '旅客', '抢票', '会员', '功能', '技术部', '部分', '渠道']"
1102,1,"['软件', '财经', '网警', '服务器', '净网', '方式', '屏蔽', '旅客', '抢票', '会员', '功能', '技术部', '部分', '渠道']"
1140,1,"['软件', '财经', '陇南', '网警', '服务器', '净网', '方式', '屏蔽', '旅客', '抢票', '会员', '功能', '技术部', '部分', '渠道']"
1334,2,"['春运', '指南', '网站', '数据', '机票']"
1371,1,"['江夏', '回国', '老赖', '法院', '法官', '跨国', '电话', '湖北省', '机票', '柬埔寨', '执行员', '办案', '账号']"
1425,2,"['机票', '理由', '网站', '春运', '同学聚会', '数据', '指南']"
1730,1,"['阶层', '社会', '晒太阳', '度假村', '商场', '牛排馆', '无力', '食物', '精神', '室温', '无法', '差异', '岛屿', '太平洋', '机票', '法国', '纽约']"
1822,1,"['消费观', '花钱', '日子', '几块钱', '用花', '现实', '门票', '影视', '感觉', '方式', '演唱会', '会员', '聚会', '走路', '邮费', '女生', '小钱', '手机', '动用']"
1894,2,"['智能', '航空', '交通部', '企业', '科技', '公司', '交通', '有所', '交通部长', '飞机', '亮相', '政府', '策略']"
2067,1,"['软件', '服务器', '方式', '屏蔽', '旅客', '抢票', '财经', '会员', '功能', '技术部', '部分', '渠道']"
2082,2,"['技术', '汽车', '政府', '地方', '领域', '原则', '系统', '联邦', '地位', '机构', '计划', '创新者', '总统', '办公室', '交通', '合作伙伴', '非营利', '警告']"
2123,0,"['化妆品', '维权', '列车', '列车员', '济南', '客运段', '颈椎病', '皮肤病', '一事', '方法', '铁路', '药品', '旅客', '现象', '新闻', '责任人', '媒体报道']"
2160,0,"['化妆品', '列车', '官方', '维权', '列车员', '济南', '客运段', '颈椎病', '皮肤病', '一事', '方法', '铁路', '药品', '旅客', '新闻', '责任人', '媒体报道']"
2671,2,"['旅客', '经营者', '大厅', '房间', '不法', '协会', '温州', '客运', '道路', '小区', '东五区', '济南', '大政', '春运', '大幕', '驾驶员', '班车', '财经', '通铺', '厕所']"
2687,2,"['年轻人', '负债', '报告', '居家', '交通', '状况', '账单', '年度', '格局', '产品', '信贷', '穿衣', '妈妈', '机构']"
2812,2,"['大学', '交通']"
2815,0,"['中国人民解放军海军', '办法', '汽车', '新能源', '南昌', '驱逐舰', '首舰', '黄金', '铁路', '金价', '数据', '旅客', '涨幅', '协会', '国际', '世界', '补贴', '政策']"
2846,1,"['软件', '车票', '目的', '设法', '系统', '回家', '乘客', '漏洞', '火车票', '佣金', '无法', '售票', '套路', '旅客', '社会', '功能', '代价']"
2957,1,"['热门', '协议', '框架', '战略', '链接', '网页', '手机', '湖南', '语音', '地铁站', '实验室', '新潮', '空口', '商场', '中心', '脚步', '交通']"
3084,2,"['乐园', '资本', '工作人员', '体验', '动物', '记者', '门票', '探险家', '动物园', '商场', '入局', '管家', '全程', '财经']"
3106,2,"['酒店', '机票', '火车票', '下单']"
3146,2,"['酒店', '机票', '火车票', '下单']"
3177,2,"['酒店', '机票', '火车票', '下单']"
3203,2,"['酒店', '机票', '火车票', '下单']"
3217,2,"['酒店', '机票', '火车票', '下单']"
3235,2,"['酒店', '机票', '火车票', '下单']"
3254,2,"['酒店', '机票', '火车票', '下单']"
3287,2,"['酒店', '机票', '火车票', '下单']"
3429,2,"['酒店', '机票', '陷阱', '网警', '火车票', '下单']"
3464,2,"['酒店', '机票', '陷阱', '网护网', '火车票', '下单']"
3480,2,"['铁路', '财经', '旅客', '售票', '业务', '网站', '工作人员', '票务', '软件', '多花钱', '办理', '隐形', '行程', '花钱', '买票']"
3510,2,"['酒店', '机票', '陷阱', '网护网', '网警', '火车票', '下单']"
3512,2,"['酒店', '机票', '陷阱', '网护网', '网警', '火车票', '下单']"
3525,2,"['酒店', '机票', '火车票', '下单']"
3549,2,"['酒店', '机票', '陷阱', '网警', '火车票', '下单']"
3560,0,"['规范', '行程', '家政', '门票', '资质', '低价', '网络', '制度', '旅行社', '参团', '合同条款', '用工', '西安市', '协会', '食宿', '交通', '证照']"
3564,2,"['酒店', '机票', '陷阱', '网警', '火车票', '下单']"
3574,1,"['冠军', '资本', '欧元区', '总额', '日本', '世界', '春运', '局长', '国家统计局', '经济体', '旅客', '人网', '主动力']"
3586,1,"['餐厅', '服务区', '泡面', '牛肉面', '涞源', '店长', '有限公司', '旅客', '站位', '政治', '经理', '加州', '负责人', '所辖', '专题会议']"
3597,2,"['酒店', '机票', '火车票', '下单']"
3655,0,"['规范', '行程', '家政', '门票', '资质', '低价', '网络', '制度', '旅行社', '参团', '合同条款', '用工', '西安市', '协会', '食宿', '交通', '证照']"
3683,2,"['流量', '五位数', '酒店', '爬墙', '销量', '恶心', '对纶', '费用', '交通', '时期', '规矩', '私生', '真人', '纶圈', '内娱']"
3726,0,"['显示屏', '电子', '收费', '南京', '起诉书', '原告', '江苏', '被告', '交通', '科技股份', '有限公司', '栖霞区', '人民法院', '法院', '律师', '时能', '收费站', '状告', '收费口']"
3733,0,"['乘飞机', '护照', '老赖', '高铁', '钻空', '文化', '思想', '中心', '身份证', '分组讨论', '会议', '上海市政协', '研究员', '上海社科院', '人员', '规定', '机票', '车票']"
3789,1,"['关光', '惨业', '嘉义市', '游客', '东南亚', '观光', '营收', '业界', '业者', '理事长', '旅馆', '同业公会', '产业', '政策', '消费力', '旅店', '饭店']"
3818,0,"['年货', '压力', '红包', '计划', '人情', '花费', '服饰', '交通', '年轻人', '中年人']"
3824,0,"['收费', '江苏', '律师', '金额', '交通', '消息', '有限公司', '科技股份', '南京', '系统', '电子', '全程', '过路费', '知情权', '屏幕']"
3891,0,"['金额', '消息', '江苏', '律师', '交通', '科技股份', '有限公司', '网友', '主力', '全程', '南京', '收费']"
4045,2,"['酒店', '机票', '火车票', '下单']"
4055,0,"['规范', '行程', '家政', '门票', '资质', '低价', '制度', '网络', '服务公司', '旅行社', '参团', '合同条款', '用工', '西安市', '协会', '财经', '食宿']"
4119,0,"['机票', '事务', '中心', '民航局', '旅客', '网友', '行程', '手续费', '航司', '收费', '特殊政策', '肺炎']"
4172,0,"['机票', '事务', '中心', '民航局', '特殊政策', '网友', '行程', '手续费', '收费', '旅客', '航司', '肺炎']"
4208,0,"['酒店', '旅行团', '无辜', '当铺', '新闻', '发布公告', '旅行社', '机票', '景点', '民航局', '冒险', '行程']"
4215,0,"['飞猪', '订单', '工作者', '商家', '机票', '政策', '用车', '肺炎', '公路', '边防', '公安', '公务员', '人员', '火车票', '汽车票', '航班时刻']"
4219,0,"['中消协', '航班', '维权', '机票', '时期', '办理', '漠视', '经营者', '央视网', '依法']"
4330,0,"['旅行团', '携程', '机票', '发布公告', '无辜', '酒店', '景点', '新闻', '旅行网', '文旅', '冒险', '民航局', '国家旅游局']"
4346,2,"['形式主义', '航空', '响应号召', '民航局', '事务', '中心', '退票费', '旅客', '走过场', '样子', '中国东方航空', '假装', '中国民航', '机票']"
4379,2,"['民航局', '航空公司', '中心', '事务', '海南', '部分', '航司', '手续费', '机票', '航空', '中国民航']"
4410,0,"['民航局', '退票费', '中心', '事务', '血汗钱', '旅客', '声明', '地发', '飞机票', '车票', '中国民航', '机票', '航空公司', '走过场', '航空', '中国东方航空']"
4414,2,"['航空', '机票', '民航局', '人民', '事务', '中心', '措辞', '群众', '全款', '退票费', '中国民航', '漏子', '飞猪', '新闻', '部分', '航空公司', '规定']"
4492,2,"['机票', '客服', '人工', '机器', '退票费', '手续费', '音乐', '规定', '灾难', '政策', '启程', '电话']"
4525,2,"['企业', '旅客', '无法', '春节假期', '航班', '外国', '开学', '中断', '门票', '形势', '销量', '异地', '宏观经济', '景区', '服务业', '就业人数']"
4535,2,"['途牛', '经济损失', '旅游网', '酒店', '规定', '公共卫生', '机票', '旅行社', '事件', '保险', '内容', '新闻', '业务', '无法', '双方']"
4689,2,"['电影', '餐饮行业', '交通']"
4745,2,"['内地', '民航局', '账户', '亚洲', '信用', '马来西亚', '机票', '事务', '中心']"
4825,2,"['航空', '手续费', '机票', '民航局', '中心', '公平', '事务', '春运', '退票费', '考虑一下', '群众', '定论']"
4879,1,"['市场供应', '日报', '粮食', '机制', '消费市场', '商务', '领导小组', '冻猪肉', '商务厅', '记者', '总体', '物资', '交通', '省政府']"
5042,0,"['火车票', '智行', '有限公司', '地址', '科技', '管理局', '企业', '机票', '上海市', '百度', '手续费', '教程']"
5124,1,"['马蜂窝', '机票', '酒店', '肺炎', '产品']"
5138,1,"['飞猪', '先生', '香港', '幌子', '航空', '全额', '客服', '服气', '电话', '新闻', '广州', '出境', '机票', '维权', '恶心']"
5250,0,"['航班', '伊宁市', '中心', '乌鲁木齐', '后序', '新疆', '民航局', '事务', '费用', '机票', '手续费', '伊宁', '前序', '售票', '返程', '政策']"
5470,0,"['计划', '冠状', '机票', '电话', '肺炎', '办公', '客服', '小伙伴', '酒店']"
5493,0,"['酒店', '同程', '订单', '产品', '集团', '航空公司', '火车票', '人员', '政策', '户口本', '机票', '证明', '资源', '边防', '工作者', '政府部门', '保险费用', '客服']"
5534,0,"['退票费', '手续费', '机票', '大学生']"
5692,0,"['监管部门', '北京市', '铁路', '发布会', '新闻', '人员', '政策', '经营者', '旅客', '办理手续', '市场监管', '肺炎', '退团']"
6066,1,"['手机', '地点', '通话', '肺炎', '卡点', '车辆', '车主', '日报', '海南', '交通', '司乘人员', '软件', '记录', '方式']"
6136,2,"['时机', '中心', '频道', '客服', '订单', '中国消费者协会', '民航局', '逻辑', '规定', '泰国', '栓牢', '客户', '事务', '维权', '机票', '不合理', '航空']"
6149,1,"['维权', '航司', '机票', '被扣', '规定', '官司', '手续费', '航空公司', '私信', '力量']"
6261,2,"['机票', '中心', '退票费', '民航局', '事务', '白白浪费', '政策']"
6320,1,"['温州', '长龙', '管理局', '济州', '航空', '机票', '中国消费者协会']"
6395,2,"['成都', '父亲', '长沙', '病危', '法院', '法治', '湖南', '化名', '机票']"
6466,0,"['香港', '酒店', '新冠', '工会', '社交', '计划', '旅客', '人手', '媒体', '裁员', '负面', '集团']"
6515,2,"['气死', '民航局', '事务', '中心', '退票费', '机票', '限流', '中国民航', '政策']"
6719,0,"['入境', '新加坡', '游客', '个案', '病例', '总数', '出境', '公民', '印尼', '印度', '旅游局', '市民', '内地', '来源', '肺炎', '旅客', '局长']"
6864,0,"['会员', '金额', '旅客', '保级', '小语', '肺炎', '里程', '航段', '公告', '贵宾', '明码标价', '新冠', '有效期', '计划', '细则']"
6911,2,"['民航局', '手续费', '航司', '退票费', '机票', '事务', '中心', '保护伞', '冤大头', '中国民航']"
7019,0,"['肺炎', '浙江', '粮食', '发布会', '物资', '新闻', '油米', '大妈', '交通', '新冠', '副局长', '总体']"
7085,0,"['浙江', '粮食', '肺炎', '发布会', '物资', '新闻', '油米', '母亲', '交通', '副局长', '总体']"
7168,0,"['语文', '链接', '链断裂', '资金', '硕士', '大学', '交通', '网页', '东北师范大学', '朝阳区', '科技', '手机', '有限公司', '借口', '创始人']"
7227,2,"['电子', '物流', '交通', '银行', '贷款', '领域', '净利润', '部分', '企业', '发力', '信贷']"
7282,0,"['中消协', '专家', '酒店', '维权', '律师', '链接', '经营者', '网页', '主张', '火车票', '机票', '计划', '肺炎', '新冠', '费用']"
7321,2,"['转型', '物流', '基础设施', '城际', '政策', '工业', '交通', '互联网', '中央', '财力', '企业', '市政', '失业', '人工智能', '感觉']"
7371,0,"['机票', '客户', '中国民航', '群众', '寒心', '中国消费者协会', '新闻', '人民', '零点', '手续费', '航空']"
7616,2,"['贵州', '交通', '关卡', '卡点', '人员', '贵州省', '高速公路', '新华社', '车辆', '物资', '省界', '据介绍', '湖北省']"
7767,2,"['数据', '国际', '交通', '世界', '高质量', '世行', '质量', '时用', '电力', '面板', '基础设施', '能源']"
7894,0,"['旅行社', '手续费', '机票', '酒店', '典叔', '法律', '字幕版', '黑猫']"
8027,2,"['肺炎', '旅客', '铜锣湾', '平息', '尖沙咀', '网页', '冠状', '饮食', '旺区', '结业', '旅发局', '地产', '商户', '业界', '代理', '去年同期', '人次', '市民', '链接']"
8236,2,"['交通', '精准', '人工智能', '感官', '人工', '便利性', '内容', '无缝', '方式', '国际', '趋势']"
8562,0,"['副行长', '报告', '媒体', '经济社会', '措施', '交通', '货币政策', '实体', '金融服务', '目标', '焦点', '肺炎', '新冠', '压力']"
8964,1,"['问问', '菜价', '行省', '宅家', '厨艺', '交通']"
8999,1,"['景区', '游客', '财经', '售票', '通告', '人民', '限流', '萍乡', '线下', '舒适度', '门票']"
9091,2,"['省钱', '学生', '追星', '问卷', '费用', '座机', '地点', '蛋糕', '地方', '零用钱', '演唱会', '饰品店', '门票', '奶茶', '质量', '待遇', '早餐']"
9107,1,"['社会', '事件', '收益', '旅客', '人次', '食肆', '零售业', '办公室', '总量', '酒店业', '香港', '经济损失', '香港政府', '港府', '旅游业', '早报网']"
9212,2,"['民航局', '葡萄', '事务', '中心', '长宁', '飞机', '政策', '航空', '资金', '机票', '手续费', '无法', '中国消费者协会', '政府', '皮儿', '中国民航']"
9518,1,"['工作者', '广州', '景区', '游玩', '美景', '门票', '广东', '证件', '山海', '动植物', '人文', '收费', '博物馆', '园林', '医务人员', '医护', '医务']"
9522,2,"['政策', '资产', '有所', '地产', '发力', '结构', '领域', '旅客', '客运量', '种类', '投入产出', '额度', '入境']"
9594,0,"['工厂', '交通', '证实', '指标', '开工率', '新冠']"
9715,2,"['行程', '酒店', '机票', '飞猪', '报告', '三亚', '火车票']"
9732,1,"['火车票', '机票', '信心', '出去玩', '宅家', '飞猪', '数据', '报告']"
9747,1,"['火车票', '机票', '信心', '出去玩', '宅家', '飞猪', '数据', '报告']"
9770,2,"['文化', '产业', '景区', '工作者', '医务', '潜力', '范围', '基础', '实招', '免票', '门票', '优惠政策', '恢复性', '文件']"
9808,0,"['事儿', '飞猪', '计划', '信心', '长假', '火车票', '航空', '机票', '报告', '数据', '酒店']"
9961,2,"['大学', '住宿', '同学', '交通', '同事']"
10060,0,"['香港', '罚款', '警方', '定额', '交通']"
10420,0,"['系统故障', '计划', '网友', '机票']"
10669,2,"['系统故障', '火速', '头条', '新闻', '机票']"
10671,0,"['系统故障', '计划', '网友', '机票']"
10806,2,"['区议会', '议员', '西贡', '居民', '公园', '纪念', '黄丝', '议会', '选民', '全港', '眼睛', '天理', '环境', '交通', '致力', '民建联', '社区', '政府', '小动作', '名作']"
11023,2,"['纽约', '机票', '一键']"
11097,1,"['交通', '年轻人', '资料', '存款', '年度', '错题', '刷题', '比重', '额度']"
11348,0,"['香港', '黑暴', '财赤', '旅客', '财政司', '外地', '预算案', '分子', '首度', '实质', '财政', '赤字']"
11352,0,"['黑暴', '香港', '旅客', '外地', '分子']"
11441,0,"['宅家', '精品', '大学', '规划', '课程', '心仪', '交通', '学术', '宿舍', '讲座', '南安普顿', '学子']"
11889,1,"['航班', '白菜价', '机票价格', '机票', '航空', '客流', '航司', '出港', '航线', '热门', '集体']"
11911,1,"['商家', '飞猪', '面向', '银行', '资金', '办法', '生态', '政策', '负责人', '渡过难关', '资金周转', '利益', '机票', '计划']"
12081,1,"['客服', '机票', '订单', '联系', '无法', '代理商', '人员', '环节', '人工', '广州', '发邮件', '女士', '单量', '航司', '步骤', '邮箱', '空号']"
12192,2,"['机票', '联系', '链接', '网因', '网页', '客服', '投诉量', '人员']"
12332,2,"['网贷', '网民', '交通', '陷阱', '贷款', '消费观', '方式', '晨曦', '幌子', '动态', '高利贷', '文图', '过度', '利息']"
12400,0,"['基础', '社交', '交通', '领域', '女性', '关系', '时代', '云端', '金融', '租房', '会议', '话语权', '变局', '花费']"
12473,2,"['主题', '民航局', '航空公司', '机场', '旅客', '额度', '事务', '地区', '主旋律', '管理局', '答题', '奖项', '政策', '符合要求', '一等奖']"
12686,1,"['博物馆', '剧目', '成都', '部分', '景区', '医护人员', '警务人员', '博物院', '措施', '观众', '院团', '文艺', '发布会', '家属', '门票', '故居', '盐业']"
13306,2,"['景区', '西安', '爆料', '会员卡', '乱收费', '会员制', '原本', '游玩', '门票', '网友', '办理', '余额']"
13309,2,"['景区', '西安', '爆料', '会员制', '游玩', '门票', '原本', '网友', '余额', '办理']"
13337,0,"['球馆', '媒体报道', '门票', '销售收入', '球迷', '商店']"
13371,2,"['法律', '网友', '航空公司', '费用', '机票', '理由', '购票', '条件', '葱儿', '社区', '专家团', '款项', '义务', '买家']"
13580,2,"['票务', '酒店', '服务费', '国际', '机票', '费用']"
13716,2,"['小编', '交通', '国际', '假票', '购票', '旅客', '动态', '买票']"
13778,0,"['旅客', '环节', '体贴', '国际', '理念', '环境']"
13864,0,"['门票', '演唱会', '渠道', '国际', '官方']"
13913,1,"['责任', '行李箱', '行李', '限额', '旅客', '承运人', '社区', '律师', '法律', '专家团', '检查一下', '办理', '保价', '物品', '人民币', '规定', '属性']"
14005,1,"['营业', '烧烤店', '范围', '部分', '城区', '爆料', '交通', '哈尔滨', '东门', '擦边球', '双城', '检查人员', '堂食', '人分']"
14257,1,"['新冠', '记者', '网页', '机票', '火车票', '电话', '飞猪', '排队', '指向', '客服', '途牛', '艺龙', '同程', '酒店', '链接']"
14265,0,"['机票', '素材', '母亲', '天价', '大漠', '回国', '英国伦敦', '儿子', '乘飞机', '现实', '金钱', '无情', '粪土', '共融', '祖国', '伦敦']"
14552,1,"['企业', '风景', '金融机构', '门票', '文旅', '工会组织', '消息', '干部职工']"
14554,1,"['面向', '网页', '职工', '门票', '各市县', '游客', '云游', '链接', '信心']"
14555,0,"['门票', '半价', '景区', '游客', '干部职工']"
14608,1,"['门票', '半价', '旅游点', '乡村', '景区', '游客']"
14642,1,"['景区', '门票', '秦淮区', '南京市', '南京', '限时', '官方']"
14661,0,"['门票', '半价', '景区', '游客', '干部职工']"
14685,0,"['门票', '力求', '组合拳', '大礼包']"
14879,1,"['俱乐部', '部分', '球员', '薪资', '德甲', '电视转播', '球队', '球迷', '薪水', '高层', '门票', '状态', '商业', '财政']"
14888,0,"['景区', '部分', '门票', '职工', '信心', '半价']"
14902,1,"['出去玩', '门票', '游客', '景区', '组合拳', '旅游点', '乡村', '力求', '干部带头', '半价', '干部职工']"
14909,1,"['文旅厅', '门票', '各市县', '江西省', '消息']"
14956,1,"['交通', '文山', '区域', '云南', '警力', '私家车', '警车', '面包车', '路面', '肺炎', '铁军', '饭店', '新冠', '治庸', '酒吧', '形势']"
14991,1,"['文旅', '企业', '工会', '金融', '门票', '卡券', '各市县', '面向', '链接', '景区', '分类']"
15090,1,"['景区', '企业', '文旅', '游客', '门票', '金融', '赏花', '微团游', '研学', '交通', '亲子']"
15142,2,"['门票', '村组', '半价', '小区', '旅游点', '乡村', '时长', '职工', '消息', '文旅厅', '游客', '封闭式']"
15148,2,"['消息', '门票', '旅游点', '游客', '乡村', '文旅厅', '半价', '时长', '职工', '电子']"
15165,2,"['门票', '村组', '半价', '小区', '旅游点', '乡村', '时长', '职工', '消息', '文旅厅', '游客', '封闭式']"
15199,2,"['门票', '村组', '半价', '小区', '旅游点', '乡村', '时长', '职工', '消息', '文旅厅', '游客', '封闭式']"
15263,2,"['门票', '村组', '半价', '小区', '旅游点', '乡村', '时长', '职工', '消息', '文旅厅', '游客', '封闭式']"
15311,0,"['道路', '部署', '大队', '民警', '交通', '时段', '群众', '路段', '交通事故', '辖区', '肺炎', '肇祸', '方式', '高压', '驾驶员', '环境', '科学']"
15342,2,"['消息', '门票', '旅游点', '游客', '乡村', '文旅厅', '半价', '时长', '职工', '电子']"
15377,1,"['半价', '消息', '旅游点', '乡村', '文旅厅', '门票', '游客', '时长', '职工', '头条新闻', '电子']"
15547,0,"['新加坡', '核心', '贸工部', '距离', '航空', '物品', '金融', '管理局', '负值', '旅客', '人次', '旅游业']"
15633,0,"['程程', '民航局', '解决问题', '四川航空公司', '电话', '高价', '机票', '人士', '航空', '事务', '中心', '乌鲁木齐', '踢皮球', '中国民航']"
15671,1,"['机票', '航空', '新加坡', '商报', '代理商', '机票代理', '企业', '泰国', '菲律宾', '宿务', '太平洋', '代金券', '记者', '廉价', '狮子', '利益']"
16333,1,"['民众', '面向', '肺炎', '电子', '干部职工', '云游', '恢复元气', '媒体报道', '底气', '游客', '文旅', '门票']"
16549,2,"['酒店', '价位', '旅馆']"
16551,2,"['酒店', '旅馆']"
16569,0,"['主持人', '云南', '4s店', '霸气', '商家', '频率', '电视台', '交通', '电话', '维权', '工作人员', '网友', '沸点']"
16703,2,"['体系', '现实', '技术', '数字', '世界', '图景', '硬件', '体验', '交通', '社区', '软件', '性质', '载端']"
16881,0,"['券卡', '图书', '门票', '景点', '重庆', '渝中区', '母城', '购物券', '咖啡', '美食', '消费市场', '酒店', '电影']"
17165,1,"['汽车', '商务部', '交通', '环境保护', '肺炎', '新冠', '发力', '汽车销量', '负责人', '生命周期', '产生', '总额']"
17171,2,"['网友', '机票', '飞猪', '航司', '短信', '计划表', '热议', '航空公司', '订单']"
17241,2,"['汽车', '综合性', '可行性', '发力', '交通', '环境保护', '地方', '商务部', '企业', '中央', '针对性', '政策措施', '联社', '负责人', '生命周期']"
17249,1,"['火姐', '总结', '海陆空', '方式', '交通', '演唱会', '屁话']"
17325,0,"['携程', '机票', '媒体', '官方', '协会', '客服', '中国消费者协会', '航班', '全额', '航空公司', '客户', '真话', '电话']"
17356,2,"['现金流', '财经', '危机', '家庭', '层面', '交通', '供需']"
17374,2,"['汽车', '商务部', '综合性', '可行性', '交通', '环境保护', '地方', '企业', '中央', '发力', '针对性', '政策措施', '负责人', '生命周期']"
17404,0,"['文化娱乐', '第一课', '国家统计局', '住宿', '疫后', '副局长', '交通', '社会', '中央']"
17644,0,"['粘性', '媒体', '补贴', '营业额', '政府', '客流', '线下', '实体店', '门票', '产生', '决策者', '商务局']"
17692,0,"['海南', '产品', '景区', '携程', '机票', '海岛', '基础', '数据', '门票', '酒店', '记者', '体系', '措施', '人次']"
17947,0,"['荷兰', '航空', '民航局', '中心', '皇家', '事务', '中国民航', '新闻', '环球时报', '机票']"
18363,1,"['失业', '低收入者', '领域', '地区', '发券', '范围', '渡过难关', '背景', '民间', '民工', '宁波', '研究所', '研究员', '救济', '门票', '工具']"
18692,0,"['粮食', '粮油', '西安市', '产品', '网络', '库存', '口粮', '西安', '交通', '企业', '市民', '新冠']"
18731,0,"['粮食', '粮油', '西安市', '产品', '库存', '网络', '口粮', '市民', '交通', '企业', '西安', '新冠']"
18754,0,"['粮食', '粮油', '西安市', '产品', '库存', '网络', '口粮', '市民', '交通', '企业', '西安', '新冠']"
18768,2,"['古镇', '聚餐', '交通', '细节', '茶杯', '程序', '湿巾', '群众', '文旅', '什川古', '青城', '链接', '网页', '梨园', '热情', '市民']"
18873,1,"['锦江', '公园', '生态', '策划', '文旅', '风貌', '链接', '网页', '景观', '成都', '市民', '交通', '工程', '亮点', '关键', '社区']"
19024,1,"['演艺', '中心', '门票', '文化', '山东', '广场', '落户', '酒店', '山大路', '济南', '红事会', '策划', '经济效益', '招商', '花园路', '地块', '目的', '剧场']"
19067,1,"['交通', '日报', '来源']"
19088,1,"['文化', '山东', '广场', '山大路', '门票', '目的', '策划', '招商', '花园路', '地块', '选址', '招商引资', '济南市', '试运营', '计划', '经济效益']"
19664,1,"['汽车', '广州', '广州市', '工业', '电台', '交通', '新能源', '总产值', '制造业', '补贴', '爆料', '信息化', '措施', '电视记者']"
19750,1,"['铁警', '西南', '保平安', '交通', '形势']"
19766,0,"['景区', '文化', '门票', '半价', '南昌', '消费市场', '南昌市', '人民政府', '文旅', '游客', '省政府', '组合拳', '居民', '演艺', '旅游点']"
19769,2,"['黄山', '门票', '旺季', '时段', '景区', '人山人海', '常规', '淡季']"
19776,2,"['景区', '南昌', '文化', '礼物', '半价', '消费市场', '门票', '南昌市', '人民政府', '商品', '游客', '文旅', '专线', '省政府', '演艺', '旅游点']"
20117,0,"['文化', '试点', '昆明', '昆明市', '门票', '电影票', '要闻', '金额', '试点县', '试点工作', '财政局', '旅游局']"
20135,0,"['联程', '集体', '误机', '机票', '航段', '民航局', '事务', '中心', '回国', '起飞时间', '乘客', '异国']"
20226,0,"['女士', '名牌', '猴子', '公园', '门票', '过程', '母子俩', '游玩', '儿子', '价值', '包被', '贵州', '贵阳']"
20262,0,"['怀化市', '财政局', '大使馆', '俄罗斯', '人员', '总工会', '陆路', '干部', '边境', '工作人员', '俄方', '两国', '教师工资', '联系', '记者', '门票', '使领馆', '信源', '玉渊潭公园']"
20464,0,"['汽车', '人民网', '基础设施', '资源', '承载量', '交通', '肺炎', '环境保护', '商务部', '规划', '碳化', '保有量', '信息化', '新冠']"
20490,0,"['汽车', '人民网', '基础设施', '资源', '承载量', '交通', '肺炎', '环境保护', '商务部', '规划', '碳化', '保有量', '信息化', '新冠']"
20648,2,"['原料', '竞争机制', '机制', '成本', '物流', '压力', '面试题', '流量', '思路', '措施', '关键词', '行业标准', '资质审查', '交通', '政府']"
20770,0,"['汽车', '人民网', '肺炎', '基础设施', '资源', '承载量', '交通', '环境保护', '商务部', '规划', '碳化', '保有量', '信息化', '新冠']"
20774,0,"['汽车', '人民网', '基础设施', '资源', '承载量', '交通', '肺炎', '环境保护', '商务部', '规划', '碳化', '保有量', '信息化', '新冠']"
20893,0,"['代理', '代理人', '航协', '机票', '企业', '个别', '客流', '贡献', '客运', '分会', '国际', '航空公司', '自律', '社会公众', '航班']"
20903,0,"['航协', '代理', '机票', '代理人', '客流', '分会', '国际', '天价', '客运', '社会公众', '航班', '个别', '业界', '座位', '票价']"
20934,0,"['机票', '代理', '国际', '个别', '航协', '天价', '客流', '利益', '现象', '航班', '座位', '票价', '单向', '客运', '代理人', '航空公司', '主体']"
20936,0,"['代理', '航协', '代理人', '机票', '企业', '国际', '天价', '客流', '个别', '自律', '分会', '客运', '贡献', '航空公司', '航班']"
21040,0,"['网页', '商业', '新冠', '频道', '新闻', '肺炎', '机票', '回国', '链接', '消息', '美国劳工部', '数据', '失业人数', '困境', '失业']"
21119,2,"['补贴', '京津冀', '新能源', '绿色', '货车', '柴油', '方式', '地区', '购置税', '合力', '汽车', '交通', '政策', '标准', '措施', '奖代', '汽车产业']"
21895,0,"['农业', '商户', '农户', '交通']"
22398,0,"['人民', '游戏', '数据', '咨询服务', '直通车', '维权', '一键', '领域', '页面', '律师', '机票', '汽车', '报告', '上线']"
22782,0,"['半价', '江苏', '省市', '陇南', '南京', '政策', '门票', '景区', '河北', '措施', '发文', '浙江', '网友']"
22784,0,"['半价', '陇南', '浙江', '河北', '江苏', '南京', '门票', '景区', '政策']"
22795,0,"['半价', '陇南', '浙江', '河北', '江苏', '南京', '门票', '景区', '政策']"
22797,0,"['江苏', '半价', '河北', '门票', '景区', '陇南', '南京', '浙江', '政策']"
22798,0,"['新能源', '手机', '汽车品牌', '电动车', '企业', '发布公告', '汽车产业', '效应', '传统', '数据', '汽车', '鲶鱼', '本土', '科技', '能源', '交通']"
22808,0,"['半价', '意见', '陇南', '浙江', '河北', '江苏', '南京', '门票', '景区', '政策']"
22811,0,"['半价', '陇南', '浙江', '河北', '江苏', '南京', '门票', '景区', '政策']"
22814,0,"['浙江', '门票', '天假', '河北', '景区', '出去玩', '半价']"
22856,0,"['半价', '陇南', '浙江', '河北', '江苏', '南京', '门票', '景区', '政策']"
22870,0,"['半价', '陇南', '浙江', '河北', '江苏', '南京', '门票', '景区', '政策']"
22897,0,"['半价', '陇南', '浙江', '河北', '江苏', '南京', '门票', '景区', '政策']"
22900,0,"['半价', '陇南', '浙江', '河北', '江苏', '南京', '门票', '景区', '政策']"
22903,0,"['问问', '浙江', '门票', '消息', '河北', '景区', '政策', '半价', '岛叔', '岛友']"
22911,2,"['开店', '钥匙', '官方', '销量', '上线', '地垫', '浙江', '交通', '轮胎', '实体', '电商', '配件', '天猫', '车型', '天价']"
22919,0,"['半价', '陇南', '浙江', '河北', '江苏', '南京', '门票', '景区', '政策']"
22936,0,"['半价', '陇南', '浙江', '河北', '江苏', '南京', '门票', '景区', '政策']"
22952,0,"['半价', '江苏', '南京', '陇南', '政策', '效果', '浙江', '门票', '景区', '河北', '网友', '发文']"
22963,0,"['半价', '陇南', '浙江', '河北', '江苏', '南京', '门票', '景区', '政策']"
22996,0,"['半价', '陇南', '浙江', '河北', '江苏', '南京', '门票', '景区', '政策']"
22999,0,"['半价', '陇南', '浙江', '河北', '江苏', '南京', '门票', '景区', '政策']"
23006,0,"['半价', '陇南', '浙江', '河北', '江苏', '南京', '门票', '景区', '政策']"
23009,0,"['半价', '陇南', '浙江', '河北', '江苏', '南京', '门票', '景区', '政策']"
23014,0,"['半价', '陇南', '浙江', '河北', '江苏', '南京', '门票', '景区', '政策']"
23028,0,"['半价', '陇南', '浙江', '河北', '江苏', '南京', '门票', '景区', '政策']"
23031,0,"['半价', '陇南', '浙江', '河北', '江苏', '南京', '门票', '景区', '政策']"
23034,0,"['半价', '陇南', '浙江', '河北', '江苏', '南京', '门票', '景区', '政策']"
23042,0,"['半价', '陇南', '江苏', '南京', '门票', '景区', '政策']"
23055,0,"['半价', '陇南', '浙江', '河北', '江苏', '南京', '门票', '景区', '政策']"
23059,0,"['半价', '陇南', '浙江', '河北', '江苏', '南京', '门票', '景区', '政策']"
23076,0,"['半价', '陇南', '浙江', '河北', '江苏', '南京', '门票', '景区', '政策']"
23079,0,"['半价', '陇南', '浙江', '河北', '江苏', '南京', '门票', '景区', '政策']"
23080,0,"['半价', '陇南', '浙江', '河北', '江苏', '南京', '门票', '景区', '政策']"
23086,0,"['半价', '陇南', '浙江', '河北', '江苏', '南京', '门票', '景区', '政策']"
23096,0,"['半价', '陇南', '浙江', '河北', '江苏', '南京', '门票', '景区', '政策']"
23110,0,"['半价', '陇南', '浙江', '河北', '江苏', '南京', '门票', '景区', '政策']"
23111,0,"['半价', '陇南', '浙江', '河北', '江苏', '南京', '门票', '景区', '政策']"
23113,0,"['半价', '湘潭', '大学', '陇南', '浙江', '经纬', '来源', '河北', '江苏', '天地', '南京', '门票', '景区', '传媒', '中心', '校园', '政策']"
23114,0,"['半价', '陇南', '浙江', '河北', '江苏', '南京', '门票', '景区', '政策']"
23117,0,"['人民', '游戏', '数据', '人民网', '直通车', '维权', '一键', '律师', '咨询服务', '领域', '页面', '机票', '汽车', '报告', '上线']"
23128,0,"['半价', '浙江', '河北', '门票', '景区', '政策']"
23129,0,"['半价', '陇南', '浙江', '河北', '江苏', '南京', '门票', '景区', '政策']"
23131,0,"['半价', '陇南', '浙江', '法治', '河北', '江苏', '南京', '门票', '景区', '政策']"
23132,0,"['半价', '陇南', '浙江', '河北', '江苏', '南京', '门票', '景区', '政策']"
23148,0,"['半价', '门票', '景区', '政策']"
23368,1,"['交通', '重庆', '景点', '住宿', '魅力', '路线']"
23454,0,"['半价', '陇南', '浙江', '河北', '江苏', '南京', '门票', '景区', '政策']"
23514,0,"['半价', '陇南', '浙江', '河北', '江苏', '南京', '门票', '景区', '政策']"
23563,0,"['半价', '陇南', '浙江', '河北', '江苏', '南京', '门票', '景区', '政策']"
23574,0,"['半价', '陇南', '浙江', '河北', '江苏', '南京', '门票', '景区', '政策']"
23630,0,"['半价', '陇南', '浙江', '河北', '江苏', '南京', '门票', '景区', '政策']"
23631,1,"['网页', '景区', '门票', '福利', '半价', '小吃', '链接', '省钱', '夜景']"
23717,2,"['贵州', '景区', '重磅', '门票']"
23864,0,"['大陸', '目標', '說法', '利己', '利國', '氣氛', '經濟', '旅客', '外國', '遊客']"
24077,2,"['景区', '文化', '保证金', '高质量', '贵州省', '办公厅', '贵州', '方案', '旅游业', '人民政府', '专项资金', '服务质量', '门票', '经营项目', '措施', '企业', '时段']"
24551,0,"['良机', '趋势', '长假', '数据', '交通', '报告', '携程']"
24617,0,"['系数', '车险', '大幕', '记者', '世纪', '赔款', '交通', '规定', '商业', '公司', '定价', '核保', '渠道', '费率']"
24629,0,"['良机', '趋势', '长假', '数据', '交通', '报告', '携程']"
24800,1,"['重庆', '机票', '民宿', '性价比', '有所', '功课', '景点', '成都']"
24857,2,"['手机', '银行', '交通', '门禁卡', '专属', '汇总', '综上', '频段', '范围', '高校', '信用卡', '技术', '存取款', '类型', 'IC卡', '企业', '交通卡', '标准', '数据']"
24906,0,"['长假', '成都', '目的地', '趋势', '数据', '报告', '热度', '高度', '出发地', '倒计时', '交通', '客源地']"
24985,1,"['文化娱乐', '交通', '宅家', '串亲戚']"
25021,0,"['成都', '网页', '目的地', '趋势', '长假', '数据', '交通', '报告', '链接', '高度', '商报', '出发地', '客源地', '热度', '文旅']"
25042,1,"['旅游业', '跌价', '机票', '大众', '消费力', '阶段']"
25362,1,"['澳门', '澳门元', '预算案', '财政', '年度', '计划', '专项基金', '住宿', '旅客']"
25416,2,"['文旅', '热情', '门票', '山西省', '景区', '头道', '大众']"
25517,2,"['省份', '数据', '福建', '江苏', '湖南', '广东', '天津', '浙江', '烟酒', '交通', '重庆', '居民', '榜单', '居民收入']"
25650,2,"['文旅', '山西', '热情', '门票', '山西省', '黄河', '景区', '头道', '大众', '来源']"
25687,2,"['省份', '浙江', '湖南', '福建', '江苏', '天津', '广东', '烟酒', '交通', '重庆', '居民', '数据']"
25689,2,"['酒精', '司机', '含量', '民警', '机动车', '饮酒', '血液', '高速公路', '醉酒', '交通', '过程', '环境', '大队', '公安局', '交警支队', '营运', '净化', '群众']"
25705,2,"['文旅', '黄河', '热情', '门票', '山西省', '景区', '头道', '大众', '来源', '山西']"
25799,1,"['数据', '省份', '链接', '网页', '烟酒', '交通', '居民', '经纬', '买力', '国家统计局']"
25905,0,"['景区', '峨眉山', '九寨沟', '空间', '身心', '新闻', '趋势', '计划', '门票', '数据', '同程', '长假', '有益', '热度']"
26075,2,"['广州', '网络', '市民', '交通', '经济运行', '渗透率', '电台', '数据', '亮点', '亮眼', '爆料', '肺炎', '电商', '电视记者', '学者']"
26230,1,"['礼物', '销量', '专辑', '文化', '流量', '影视娱乐', '学生', '骂人', '爱玩', '良性', '发帖', '社会', '大学', '有点', '声音', '音乐会', '门票', '禁哥']"
26293,2,"['酒店', '机票', '火车票', '下单']"
26365,0,"['交通', '压力', '旅游景点', '社会', '驱动力', '意义', '关键', '游客', '程度', '体验']"
26399,2,"['酒店', '机票', '讲堂', '法律', '火车票', '下单']"
26720,0,"['景区', '空间', '峨眉山', '九寨沟', '身心', '趋势', '门票', '数据', '同程', '有益', '热度', '文旅', '数量']"
26763,2,"['黄色', '经济圈', '香港', '旅客', '零团', '旅行社', '协会主席', '内地', '入境', '团体', '同路人']"
26812,0,"['黄金', '旅馆', '济州岛', '韩国', '部份', '大潮', '机票', '房间', '重地', '补偿性']"
26849,1,"['互联网', '工业', '数据', '基础设施', '制造业', '关键', '断水', '大面积', '领域', '石油', '系统', '中断', '断电', '传统', '落地', '交通', '电力']"
26883,2,"['香港', '旅游业', '旅客', '人次', '计划', '年度', '当局', '资金', '浮薪', '旅游局', '管理层', '数据', '旅发局', '冻薪', '稻草', '议员']"
26893,2,"['旅游业', '香港', '旅客', '计划', '当局', '旅游局', '资金', '人次', '稻草', '数据', '议员']"
26916,1,"['景区', '成都', '雅安', '有效期', '有力', '资阳', '文旅', '定价', '绵阳', '内文', '门票', '半价', '游客', '持卡', '同行者', '部分']"
27149,2,"['人员', '肺炎', '乘客', '新冠', '链接', '交通', '体温', '转码', '码头', '机场', '站点', '网页', '指挥部', '旅游者', '外省', '山东省', '车站', '症状']"
27217,1,"['领导小组', '景区', '计划', '旅游者', '伙伴', '体温', '具体措施', '交通', '住宿']"
27296,2,"['演唱会', '香港', '音乐', '成本', '残粉', '范围', '帽子', '门票', '部分', '内地', '歌手', '重庆']"
27728,2,"['酒店', '机票', '火车票', '下单']"
27798,2,"['酒店', '机票', '火车票', '下单']"
27829,2,"['酒店', '机票', '火车票', '下单']"
27831,1,"['飞机票', '酒店', '热门', '住宿', '数据', '成都', '法则', '重庆', '味儿', '昆明', '机票', '航线', '飞猪']"
27832,2,"['常态', '地区', '人员', '身心', '民众', '级别', '酒店', '压力', '文旅', '元气', '机票', '长假', '风险', '居家']"
28135,0,"['产品', '书店', '商户', '文创', '文化', '新华书店', '景区', '门票', '图书', '营业', '状况', '商家', '演出票', '实体', '课程', '电影票', '礼物', '补贴']"
28138,0,"['文化', '图书', '图书大厦', '产品', '课程', '文惠券', '音像制品', '电子', '补贴', '双重', '景区', '管理中心', '中关村', '门票', '北京市', '特例', '演出票', '北京地区']"
28172,0,"['文化', '产品', '景区', '门票', '演出票', '文创', '图书', '课程', '电影票', '电子', '北京市', '领文惠券', '官方']"
28174,0,"['文化', '电子', '景区', '产品', '管理中心', '门票', '演出票', '北京市', '北京地区', '文创', '课程', '电影票', '资产', '总额', '图书', '文惠券', '官方']"
28205,0,"['文化', '产品', '景区', '门票', '课程', '演出票', '文创', '图书', '电影票', '电子', '北京市', '官方', '领文惠券']"
28212,0,"['殡仪馆', '文化', '信源', '产品', '董事长', '景区', '门票', '演出票', '图书', '文创', '集团', '遗体', '课程', '消息', '新闻记者', '新闻', '好友', '整点']"
28336,2,"['景区', '方案', '核定', '热门', '经营项目', '游客量', '贵州省', '贵州', '承载量', '门票']"
28408,1,"['景区', '南京', '门票', '潮流', '时代', '宅家', '鼓楼', '限时', '降价', '心心念念']"
28735,2,"['铁路', '交通', '精准', '风险', '地区', '长三角', '运力', '动态', '长假', '旅客']"
28913,2,"['档期', '人均收入', '意愿', '后者', '门票', '行列', '神经', '教授', '劳动节', '比重', '法式', '滋味', '故宫']"
28915,0,"['数据', '水路', '旅客', '入境', '餐馆', '小企业', '酒店', '困境', '总量', '长假', '香港', '大陆', '铁路', '景区', '总数']"
28946,2,"['旅客', '集团公司', '方案', '勤洗手', '返程', '广西', '客流', '游客', '条件', '铁路', '市民', '旅游业', '列车', '卫生防护']"
29072,2,"['费用', '男女', '情侣', '酒店', '机票', '经验', '家境', '收入水平', '男方', '女方', '细算', '比例', '环节', '分配比例', '经历']"
29121,2,"['记录', '单日', '气温', '信心', '长三角', '铁路', '旅客', '南京', '地图', '社会', '气象', '流量', '游客']"
29150,1,"['品质', '领导者', '产品', '致力于', '旅客', '力量', '航空', '声音', '准点', '信任', '成员']"
29285,2,"['发布会', '北京市', '肺炎', '通报', '新闻', '交通', '关键词', '领域']"
29408,0,"['规模', '门票', '赛事', '贡献', '女性', '游戏', '生态', '报告', '众筹']"
29433,2,"['广州', '电台', '交通', '市民', '爆料', '记者', '消息']"
29527,2,"['文旅', '山西', '长假', '旅游者', '景区', '化后', '常态', '人气', '门票']"
29659,2,"['电动车', '入户', '工作人员', '中村', '街道', '东坝', '交通规则', '方式', '案例', '村民', '交通', '特点', '群众']"
29682,0,"['车费', '作弊器', '南京', '机场', '景区', '出租车', '交通部门', '执法人员', '交通', '当心', '地点', '时段', '荔枝', '路线', '乘客']"
29710,0,"['羊城', '车窗', '交通', '亮话']"
29754,1,"['零星', '总体', '状态', '机制', '长假', '外防', '国务院', '交通', '压力', '发布会', '卫健委', '复杂性', '地方', '个别', '态势']"
29763,0,"['发布会', '部长', '国务院', '部党组', '成员', '文化', '长假', '财经', '交通', '部副', '商务部', '机制', '新闻']"
29770,0,"['国务院', '新闻', '长假', '发布会', '交通', '数据', '机制']"
29802,0,"['发布会', '部长', '机制', '新闻', '部党组', '成员', '长假', '交通', '视点', '文化', '国务院', '商务部', '部副']"
29816,0,"['机制', '部长', '发布会', '新闻', '部党组', '国务院', '成员', '长假', '交通', '文化', '商务部', '部副']"
29869,1,"['零星', '状态', '总体', '长假', '外防', '交通', '压力', '发布会', '国务院', '地方', '个别', '卫健委', '机制', '态势', '复杂性']"
29881,0,"['部长', '部党组', '成员', '文化', '商务部', '长假', '交通', '发布会', '人民', '部副']"
29903,0,"['国务院', '发布会', '机制', '长假', '都市报', '交通', '新闻', '南都']"
29919,0,"['部长', '新闻', '机制', '发布会', '长假', '部党组', '成员', '部副', '文化', '商务部', '国务院', '交通']"
29983,0,"['发布会', '国务院', '部长', '部党组', '机制', '成员', '长假', '文化', '交通', '商务部', '部副', '新闻']"
30000,0,"['发布会', '国务院', '部长', '部党组', '机制', '成员', '长假', '文化', '交通', '商务部', '部副', '新闻']"
30019,0,"['机制', '部长', '发布会', '新闻', '部党组', '国务院', '成员', '长假', '交通', '文化', '商务部', '部副']"
30222,0,"['套餐', '韧性', '铁路', '道路', '商务部', '销售额', '旅客', '总量', '企业', '网传', '水路', '年轻人', '部长', '良方']"
30237,1,"['货足价', '市场供应', '内需', '链接', '网页', '长假', '交通', '发布会', '旅客', '总量', '总体', '海外版', '潜力']"
30564,0,"['汽车', '集团', '东风', '家车', '想象', '热点', '体验', '战略', '制高点', '高速率', '汽车产业', '智能网', '智能', '交通', '广汽', '技术', '空间']"
30646,1,"['门票', '携程', '消息', '公主', '售票', '内各大', '官方', '产品', '热情']"
30822,0,"['业务', '体验', '主题公园', '限量', '度假区', '门票', '售票']"
31454,0,"['机票', '大件', '森友', '单机', '模样', '动物', '兄弟', '加拿大', '线下', '现金', '扫码', '体系', '金矿', '游戏', '任由']"
31529,2,"['火车票', '机票', '乘客', '规定', '快件', '飞机', '旗下', '航空公司', '模型', '公司', '进柜', '广东', '定价', '关键', '商业', '收费', '补票价']"
31544,1,"['铁路', '意险', '财产保险', '有限公司', '风险', '保险', '产品品质', '旅客', '消息', '额度']"
31691,1,"['吉林市', '地区', '时限', '社区', '高风险', '城区', '快件', '肺炎', '分区', '邮件', '标准', '新冠', '交通', '村屯', '舒兰市', '邮政', '管理局']"
31784,1,"['网点', '邮政局', '公司', '高风险', '肺炎', '社区', '舒兰市', '交通', '地区', '新冠', '负责人', '小哥', '吉林市', '部分']"
31945,1,"['吉林市', '地区', '时限', '社区', '高风险', '城区', '快件', '肺炎', '分区', '链接', '网页', '邮件', '标准', '新冠', '交通', '村屯']"
32001,2,"['门票', '追星', '演唱会', '女孩']"
32031,1,"['吉林市', '地区', '时限', '社区', '高风险', '城区', '快件', '肺炎', '分区', '邮件', '标准', '新冠', '交通', '村屯', '舒兰市', '邮政', '管理局']"
32256,0,"['平均工资', '人员', '交通', '数据', '国家统计局', '城镇', '规模', '企业', '科教', '公共服务']"
32362,1,"['广州', '收费', '一事', '途径', '收件人', '电台', '交通', '邮政', '管理局', '广东省', '法律', '企业', '权利', '费用', '产生', '热议', '电视记者']"
32395,1,"['广州', '收费', '一事', '途径', '收件人', '电台', '交通', '邮政', '管理局', '广东省', '法律', '企业', '权利', '费用', '产生', '热议', '电视记者']"
32397,2,"['旅客', '香港', '社區', '市民', '旅發局', '局勢', '項目', '特色', '氛圍', '訊息', '人次']"
32619,2,"['香港', '游客', '香港市民', '社区', '旅客', '肺炎', '内地', '信心', '人次', '旅发局', '旅游业', '特色', '气氛']"
32662,2,"['交通', '肉羊', '集团公司', '民办', '新创', '动态', '公司', '榆社县', '段家', '落地', '沟村', '成气候', '生蛋', '铁路', '困境', '母鸡', '协商']"
32949,2,"['地方', '政府', '环境', '共享税', '购置税', '中央', '车辆', '积极性', '交通', '压力', '汽车', '吉利', '收益', '浙江', '董事长', '领域', '消费税']"
33086,2,"['鱼水', '广州', '阳山', '信店', '开业', '电台', '交通', '村手', '精准', '贫困村', '省定', '爆料', '市民', '电视记者', '农产品']"
33151,2,"['地方', '政府', '环境', '财新网', '压力', '购置税', '共享税', '中央', '车辆', '汽车', '吉利', '收益', '交通', '浙江', '积极性', '董事长', '领域']"
34099,2,"['澳门', '旅客', '统计数据', '澳门元', '邻近地区', '博彩', '居民', '特首', '施政报告', '肺炎', '入境', '普查局', '旅游业']"
34228,2,"['泰国', '入境', '国际', '报导', '观光', '新加坡', '旅游胜地', '运输业', '社会', '人员', '人次', '日记', '旅客', '消费力', '越南', '肺炎', '新冠']"
35087,1,"['地铁', '消费水平', '牵绊', '交通', '房价', '乡情']"
35205,0,"['导向', '后劲', '基础设施', '交通', '城镇化', '硕士', '政府', '热词', '报告', '民生', '结构', '内需', '新词', '水利']"
35319,0,"['交通', '政策', '财税', '汽车', '物流配送', '城乡', '报社', '媒体', '热点', '新闻', '发布会', '中心', '新能源', '基础设施', '体系', '舆情', '布局']"
35336,1,"['鸟语林', '博物馆', '门票', '原价', '旅游局', '文化', '大连市', '景区', '价值', '携程', '凭券', '购票']"
35897,2,"['新兴产业', '报告', '部长', '领先', '城镇化', '交通', '互联网', '能源', '国际', '电网', '结构', '升舱', '后劲', '企业', '特色', '政府', '新面孔', '主导产业', '公司', '工业']"
36265,0,"['溧水', '景区', '限次', '参观', '音乐', '玫瑰园', '丽山', '影视', '含金量', '基地', '景点', '南京', '农场', '有效期', '资讯', '专属', '门票']"
36584,2,"['船队', '陆路', '西洋', '地图', '集散地', '矿点', '西南', '交通', '诸国', '资料', '记忆', '文献', '时尚', '地质学', '海路', '航线', '原产地', '西北', '朝贡']"
36675,1,"['汽车', '浦山', '财经', '全景', '牌照', '政策', '金融', '基金会', '国际', '副理事长', '潜力', '压力', '交通', '全景网', '讲坛']"
36693,0,"['汽车', '牌照', '财经', '政策', '国际', '潜力', '全景网', '副理事长', '全景', '压力', '交通', '限量', '市场需求']"
36719,1,"['汽车', '浦山', '财经', '全景', '牌照', '政策', '金融', '基金会', '国际', '副理事长', '潜力', '全景网', '压力', '交通', '讲坛']"
37000,2,"['商务活动', '制造业', '经济运行', '服务业', '宏观经济', '交通', '中心', '势头', '国家统计局', '落地', '消费市场', '政策措施', '效应', '互联网', '经济社会', '经理', '电信']"
37258,1,"['机票', '留学生', '经向', '网传', '链接', '报告', '网页', '旧金山', '总领馆', '高价', '学校', '警察局', '对方', '领馆', '回国', '家人', '服药']"
37384,1,"['印度', '禽蛋', '类别', '面包', '谷物', '牛奶', '服务业', '交通', '文章', '头条', '巨头', '水果', '领先', '真面目', '制造业', '优势', '印象']"
37478,0,"['指标', '小客车', '措施', '区域', '交通', '环境', '战略', '京津冀', '肺炎', '新闻', '营商', '成员', '党组', '公共交通', '买车', '部分', '政策', '指南']"
37799,1,"['商品', '社会', '交通', '地摊', '质量', '方便群众', '特殊政策', '日用品', '黑心', '价值', '商贩', '环境', '纵容', '本质']"
38218,2,"['指标', '摇号', '家庭', '新能源', '小客车', '北京市', '无车', '数量', '潜力', '新政', '交通', '内容', '方案', '中签率', '面向', '负责人', '政策']"
38438,0,"['内需', '公共设施', '大力', '民生', '战略', '基点', '城镇化', '结构', '后劲', '企业', '专家', '交通', '扩大内需', '县城', '空间', '记者', '水利', '导向']"
38543,1,"['地摊', '财政', '房东', '交税', '商铺', '成本', '补贴', '商贩', '店铺', '交租', '交通', '道路', '住户', '地方', '总需求', '食品卫生']"
38844,1,"['手帐', '研究所', '西南', '交通', '校园', '精神', '成都', '文具', '年轻人', '圈子', '大学', '特点']"
38893,1,"['环境', '形象', '地摊', '精细化', '宜居', '核实', '游商', '定位', '中心', '秩序', '品质', '功能定位', '交通', '噪音']"
38903,1,"['环境', '地摊', '形象', '精细化', '宜居', '游商', '核实', '定位', '中心', '秩序', '品质', '功能定位', '交通', '噪音']"
39302,0,"['航班', '班次', '航空', '消费行为', '旅客', '集体', '股价', '航司', '专家', '航空业', '航空公司']"
39456,1,"['城市群', '地区', '基础设施', '都市', '骨架', '交通', '网站', '长三角', '中心', '高速公路', '轨道交通', '京津冀', '大湾', '经济圈', '双城', '都市区', '城市交通']"
39542,1,"['基础设施', '地区', '城市群', '交通', '都市', '骨架', '长三角', '城际', '中心', '高速公路', '轨道交通', '经济圈', '大湾', '双城', '京津冀', '城市交通', '粤港澳', '都市区']"
39610,2,"['地区', '交通', '物流', '枢纽', '农村', '船票', '客运', '市场监管', '导向', '琼州海峡', '电子', '条件', '基础']"
39646,1,"['基础设施', '地区', '城市群', '交通', '都市', '城际', '骨架', '长三角', '高速公路', '中心', '轨道交通', '经济圈', '大湾', '双城', '京津冀', '城市交通', '交通网', '粤港澳']"
39647,2,"['程序', '酒店', '门票', '民宿', '市旅', '发局', '金额', '费用', '景区']"
39902,2,"['经济舱', '检查站', '梯田', '伊斯兰堡', '电话', '回国', '包机', '瑞斯', '大叔', '羊群', '牧民', '游客', '巴基斯坦', '准备就绪', '机票', '地区', '大使馆', '事儿', '河流']"
40417,0,"['信息产业', '动态', '体育产业', '交通']"
40676,1,"['汽车', '家庭', '费用', '公共交通', '第一桶金', '数据', '花费', '总理', '一辆车', '方法', '滴滴', '交通', '财富', '方式', '孩子', '资产']"
40811,0,"['铁路', '交通', '持续增长', '趋势', '高位', '货物', '动态', '消费市场', '客流', '企业', '常态', '学校', '青春', '地球', '宇宙', '哈尔滨']"
40859,1,"['保险', '权利', '航班', '保险公司', '犯罪行为', '机票', '狮姐', '律师', '政策', '代表', '航空公司', '客运', '要件', '诈骗罪', '类型', '天气', '漏洞']"
40893,0,"['铁路', '交通', '动态', '持续增长', '趋势', '高位', '货物', '消费市场', '客流', '青春', '企业', '学校', '常态', '地球', '宇宙', '哈尔滨']"
40894,0,"['铁路', '交通', '持续增长', '趋势', '高位', '货物', '动态', '消费市场', '客流', '企业', '常态', '学校', '青春', '地球', '宇宙', '哈尔滨']"
41010,2,"['文化', '特色', '中原', '广场', '艺术', '郑东', '原创', '氛围', '标杆', '交通', '原则', '湖畔', '办事处', '极具']"
41026,0,"['保险', '保险公司', '航班', '身份', '行为人', '湖南省', '民事', '机票', '原则', '刑法', '乘客', '标的', '事故', '观点', '律师', '目的', '规则', '航空']"
41088,0,"['铁路', '交通', '持续增长', '趋势', '高位', '货物', '动态', '消费市场', '客流', '企业', '常态', '学校', '青春', '地球', '宇宙', '哈尔滨']"
41093,0,"['旅行社', '航空公司', '广州', '行程', '机票', '客服', '代理商', '联系', '产品', '计划', '报告', '国际', '飞猪']"
41134,0,"['贵州', '记录', '毕业', '淡季', '黔东南', '门票', '贵阳', '民宿', '景区']"
41206,1,"['交易', '货源', '蔬菜', '车辆', '机关团体', '区域', '企业', '个人消费', '补货', '机制', '交通', '指导组', '餐饮企业', '肉类']"
41276,2,"['披萨', '咖啡', '店主', '地中海', '花式', '咖啡馆', '交通', '海鲜', '种草', '薄饼', '铁人', '大哥', '落地窗', '吧台', '火焰', '座位', '感觉', '之遥', '铁板', '教堂']"
41342,2,"['法制', '强势', '霸凌', '财经', '群体', '环境', '侠客岛', '原油', '营商', '责任', '纵容', '社会', '机票', '女子', '南京', '家庭', '评价', '法律', '航班']"
41410,1,"['西安', '空间', '万象', '建面', '地铁', '交通', '精彩', '总价', '故事']"
41481,0,"['航班', '漏洞', '事件', '机票', '小伙伴']"
41503,2,"['网友', '收费', '购票', '意见', '门票', '群体', '客户', '两极分化', '汽车行业', '车市', '行情', '会差', '部分', '目标', '人流', '观点', '入场', '销量']"
41564,0,"['票代', '国际', '航线', '加码', '票价', '层层', '高价', '天价', '切票', '航空公司', '关系户', '系统', '办法', '机票', '护照', '客票']"
41755,1,"['交通', '武义', '浙江', '公安部', '管理局', '饮酒', '聚会', '群众', '公安', '交警大队', '范围', '全县', '秩序', '乱象']"
41761,2,"['首都机场', '机票', '民航局', '考虑一下', '退票费', '底层', '政策', '人民', '三亚', '事务', '中心', '航空', '海南']"
42046,1,"['部分', '个体', '财政', '事业单位', '工商户', '企业', '机关', '房租', '开发区', '政府', '地方', '租金', '合理安排', '文旅', '资金', '依法', '门票', '文艺', '使用税', '潍坊']"
42071,2,"['太郎', '莎士比亚', '消磨时光', '意志', '浪费', '清风', '交通', '时光', '松浦', '日本', '作家', '事情', '闲暇', '著作', '意义']"
42249,2,"['退票费', '机票', '长假', '旅程', '航空', '海南', '全额', '记者', '计划', '客服', '服务费']"
42321,1,"['新闻', '政策', '地区', '事务', '中国东方航空', '全额', '中心', '民航局', '黑猫', '被扣', '机票', '手续费', '中国消费者协会', '头条新闻', '公告', '民用航空']"
42414,0,"['全家人', '中国东方航空', '头条新闻', '航班', '服务态度', '机票', '全额', '旅行网', '携程', '居家', '亏本生意']"
42649,1,"['航司', '客服', '女士', '机票', '联系', '职能部门', '事宜', '瑞士', '状态', '力量', '记录', '总监', '编号', '经理', '邮箱', '订单']"
42928,0,"['集团', '费用', '中青报', '产业', '交通', '镇江', '工作人员', '江苏', '北京航天', '乐园', '公馆', '公款', '集团公司', '财务', '中心', '监委', '中青网', '酒席', '花费']"
42960,1,"['飞猪', '踢皮球', '新闻', '网友', '高额', '责任感', '发布会', '办理', '离京', '社会', '中国消费者协会', '头条新闻', '手续费', '机票']"
43022,0,"['社会', '金钱', '高尚', '金钱观', '一辆车', '涨工资', '开口', '方式', '门票', '私信', '星辰', '一分钱', '大海', '情操', '胆量', '公司']"
43084,0,"['省际', '班线', '客运', '车辆', '病例', '疫苗', '新冠', '世卫', '旅客', '水龙头', '专家']"
43301,1,"['成都', '中国消费者协会', '订票', '门票', '中国东方航空']"
43315,0,"['重创', '航空', '产品', '内地', '机票', '航班', '大城市', '航空公司', '旅客', '朋友圈']"
232,0,"['交通', '民警', '良药', '大家伙', '经济社会', '管理体制', '条件', '单排', '汽车', '压力', '路段', '商圈', '机动车', '硬件', '硬伤']"
466,1,"['交通', '年轻人', '错题', '资料', '存款', '年度', '比重', '额度']"
613,1,"['软件', '服务器', '方式', '部分', '屏蔽', '旅客', '抢票', '财经', '会员', '功能', '技术部', '净网', '渠道']"
812,1,"['软件', '服务器', '方式', '屏蔽', '旅客', '抢票', '财经', '会员', '功能', '技术部', '部分', '渠道']"
837,2,"['铁路', '软件', '旅客', '售票', '业务', '网站', '票务', '多花钱', '工作人员', '办理', '隐形', '财经', '买票', '花钱', '回家']"
850,2,"['隧道', '车辆', '新华社', '压力', '交通', '钻孔', '据介绍', '名下', '会展中心', '投入使用', '公司', '高速运行', '参会者', '企业家', '埃隆']"
877,2,"['铁路', '软件', '旅客', '售票', '业务', '网站', '票务', '多花钱', '工作人员', '办理', '隐形', '财经', '买票', '花钱', '回家']"
898,2,"['隧道', '车辆', '新华社', '压力', '交通', '钻孔', '据介绍', '名下', '会展中心', '投入使用', '公司', '高速运行', '参会者', '企业家', '埃隆']"
1013,1,"['软件', '财经', '网警', '服务器', '净网', '方式', '屏蔽', '旅客', '抢票', '会员', '功能', '技术部', '部分', '渠道']"
1102,1,"['软件', '财经', '网警', '服务器', '净网', '方式', '屏蔽', '旅客', '抢票', '会员', '功能', '技术部', '部分', '渠道']"
1140,1,"['软件', '财经', '陇南', '网警', '服务器', '净网', '方式', '屏蔽', '旅客', '抢票', '会员', '功能', '技术部', '部分', '渠道']"
1334,2,"['春运', '指南', '网站', '数据', '机票']"
1371,1,"['江夏', '回国', '老赖', '法院', '法官', '跨国', '电话', '湖北省', '机票', '柬埔寨', '执行员', '办案', '账号']"
1425,2,"['机票', '理由', '网站', '春运', '同学聚会', '数据', '指南']"
1730,1,"['阶层', '社会', '晒太阳', '度假村', '商场', '牛排馆', '无力', '食物', '精神', '室温', '无法', '差异', '岛屿', '太平洋', '机票', '法国', '纽约']"
1822,1,"['消费观', '花钱', '日子', '几块钱', '用花', '现实', '门票', '影视', '感觉', '方式', '演唱会', '会员', '聚会', '走路', '邮费', '女生', '小钱', '手机', '动用']"
1894,2,"['智能', '航空', '交通部', '企业', '科技', '公司', '交通', '有所', '交通部长', '飞机', '亮相', '政府', '策略']"
2067,1,"['软件', '服务器', '方式', '屏蔽', '旅客', '抢票', '财经', '会员', '功能', '技术部', '部分', '渠道']"
2082,2,"['技术', '汽车', '政府', '地方', '领域', '原则', '系统', '联邦', '地位', '机构', '计划', '创新者', '总统', '办公室', '交通', '合作伙伴', '非营利', '警告']"
2123,0,"['化妆品', '维权', '列车', '列车员', '济南', '客运段', '颈椎病', '皮肤病', '一事', '方法', '铁路', '药品', '旅客', '现象', '新闻', '责任人', '媒体报道']"
2160,0,"['化妆品', '列车', '官方', '维权', '列车员', '济南', '客运段', '颈椎病', '皮肤病', '一事', '方法', '铁路', '药品', '旅客', '新闻', '责任人', '媒体报道']"
2671,2,"['旅客', '经营者', '大厅', '房间', '不法', '协会', '温州', '客运', '道路', '小区', '东五区', '济南', '大政', '春运', '大幕', '驾驶员', '班车', '财经', '通铺', '厕所']"
2687,2,"['年轻人', '负债', '报告', '居家', '交通', '状况', '账单', '年度', '格局', '产品', '信贷', '穿衣', '妈妈', '机构']"
2812,2,"['大学', '交通']"
2815,0,"['中国人民解放军海军', '办法', '汽车', '新能源', '南昌', '驱逐舰', '首舰', '黄金', '铁路', '金价', '数据', '旅客', '涨幅', '协会', '国际', '世界', '补贴', '政策']"
2846,1,"['软件', '车票', '目的', '设法', '系统', '回家', '乘客', '漏洞', '火车票', '佣金', '无法', '售票', '套路', '旅客', '社会', '功能', '代价']"
2957,1,"['热门', '协议', '框架', '战略', '链接', '网页', '手机', '湖南', '语音', '地铁站', '实验室', '新潮', '空口', '商场', '中心', '脚步', '交通']"
3084,2,"['乐园', '资本', '工作人员', '体验', '动物', '记者', '门票', '探险家', '动物园', '商场', '入局', '管家', '全程', '财经']"
3106,2,"['酒店', '机票', '火车票', '下单']"
3146,2,"['酒店', '机票', '火车票', '下单']"
3177,2,"['酒店', '机票', '火车票', '下单']"
3203,2,"['酒店', '机票', '火车票', '下单']"
3217,2,"['酒店', '机票', '火车票', '下单']"
3235,2,"['酒店', '机票', '火车票', '下单']"
3254,2,"['酒店', '机票', '火车票', '下单']"
3287,2,"['酒店', '机票', '火车票', '下单']"
3429,2,"['酒店', '机票', '陷阱', '网警', '火车票', '下单']"
3464,2,"['酒店', '机票', '陷阱', '网护网', '火车票', '下单']"
3480,2,"['铁路', '财经', '旅客', '售票', '业务', '网站', '工作人员', '票务', '软件', '多花钱', '办理', '隐形', '行程', '花钱', '买票']"
3510,2,"['酒店', '机票', '陷阱', '网护网', '网警', '火车票', '下单']"
3512,2,"['酒店', '机票', '陷阱', '网护网', '网警', '火车票', '下单']"
3525,2,"['酒店', '机票', '火车票', '下单']"
3549,2,"['酒店', '机票', '陷阱', '网警', '火车票', '下单']"
3560,0,"['规范', '行程', '家政', '门票', '资质', '低价', '网络', '制度', '旅行社', '参团', '合同条款', '用工', '西安市', '协会', '食宿', '交通', '证照']"
3564,2,"['酒店', '机票', '陷阱', '网警', '火车票', '下单']"
3574,1,"['冠军', '资本', '欧元区', '总额', '日本', '世界', '春运', '局长', '国家统计局', '经济体', '旅客', '人网', '主动力']"
3586,1,"['餐厅', '服务区', '泡面', '牛肉面', '涞源', '店长', '有限公司', '旅客', '站位', '政治', '经理', '加州', '负责人', '所辖', '专题会议']"
3597,2,"['酒店', '机票', '火车票', '下单']"
3655,0,"['规范', '行程', '家政', '门票', '资质', '低价', '网络', '制度', '旅行社', '参团', '合同条款', '用工', '西安市', '协会', '食宿', '交通', '证照']"
3683,2,"['流量', '五位数', '酒店', '爬墙', '销量', '恶心', '对纶', '费用', '交通', '时期', '规矩', '私生', '真人', '纶圈', '内娱']"
3726,0,"['显示屏', '电子', '收费', '南京', '起诉书', '原告', '江苏', '被告', '交通', '科技股份', '有限公司', '栖霞区', '人民法院', '法院', '律师', '时能', '收费站', '状告', '收费口']"
3733,0,"['乘飞机', '护照', '老赖', '高铁', '钻空', '文化', '思想', '中心', '身份证', '分组讨论', '会议', '上海市政协', '研究员', '上海社科院', '人员', '规定', '机票', '车票']"
3789,1,"['关光', '惨业', '嘉义市', '游客', '东南亚', '观光', '营收', '业界', '业者', '理事长', '旅馆', '同业公会', '产业', '政策', '消费力', '旅店', '饭店']"
3818,0,"['年货', '压力', '红包', '计划', '人情', '花费', '服饰', '交通', '年轻人', '中年人']"
3824,0,"['收费', '江苏', '律师', '金额', '交通', '消息', '有限公司', '科技股份', '南京', '系统', '电子', '全程', '过路费', '知情权', '屏幕']"
3891,0,"['金额', '消息', '江苏', '律师', '交通', '科技股份', '有限公司', '网友', '主力', '全程', '南京', '收费']"
4045,2,"['酒店', '机票', '火车票', '下单']"
4055,0,"['规范', '行程', '家政', '门票', '资质', '低价', '制度', '网络', '服务公司', '旅行社', '参团', '合同条款', '用工', '西安市', '协会', '财经', '食宿']"
4119,0,"['机票', '事务', '中心', '民航局', '旅客', '网友', '行程', '手续费', '航司', '收费', '特殊政策', '肺炎']"
4172,0,"['机票', '事务', '中心', '民航局', '特殊政策', '网友', '行程', '手续费', '收费', '旅客', '航司', '肺炎']"
4208,0,"['酒店', '旅行团', '无辜', '当铺', '新闻', '发布公告', '旅行社', '机票', '景点', '民航局', '冒险', '行程']"
4215,0,"['飞猪', '订单', '工作者', '商家', '机票', '政策', '用车', '肺炎', '公路', '边防', '公安', '公务员', '人员', '火车票', '汽车票', '航班时刻']"
4219,0,"['中消协', '航班', '维权', '机票', '时期', '办理', '漠视', '经营者', '央视网', '依法']"
4330,0,"['旅行团', '携程', '机票', '发布公告', '无辜', '酒店', '景点', '新闻', '旅行网', '文旅', '冒险', '民航局', '国家旅游局']"
4346,2,"['形式主义', '航空', '响应号召', '民航局', '事务', '中心', '退票费', '旅客', '走过场', '样子', '中国东方航空', '假装', '中国民航', '机票']"
4379,2,"['民航局', '航空公司', '中心', '事务', '海南', '部分', '航司', '手续费', '机票', '航空', '中国民航']"
4410,0,"['民航局', '退票费', '中心', '事务', '血汗钱', '旅客', '声明', '地发', '飞机票', '车票', '中国民航', '机票', '航空公司', '走过场', '航空', '中国东方航空']"
4414,2,"['航空', '机票', '民航局', '人民', '事务', '中心', '措辞', '群众', '全款', '退票费', '中国民航', '漏子', '飞猪', '新闻', '部分', '航空公司', '规定']"
4492,2,"['机票', '客服', '人工', '机器', '退票费', '手续费', '音乐', '规定', '灾难', '政策', '启程', '电话']"
4525,2,"['企业', '旅客', '无法', '春节假期', '航班', '外国', '开学', '中断', '门票', '形势', '销量', '异地', '宏观经济', '景区', '服务业', '就业人数']"
4535,2,"['途牛', '经济损失', '旅游网', '酒店', '规定', '公共卫生', '机票', '旅行社', '事件', '保险', '内容', '新闻', '业务', '无法', '双方']"
4689,2,"['电影', '餐饮行业', '交通']"
4745,2,"['内地', '民航局', '账户', '亚洲', '信用', '马来西亚', '机票', '事务', '中心']"
4825,2,"['航空', '手续费', '机票', '民航局', '中心', '公平', '事务', '春运', '退票费', '考虑一下', '群众', '定论']"
4879,1,"['市场供应', '日报', '粮食', '机制', '消费市场', '商务', '领导小组', '冻猪肉', '商务厅', '记者', '总体', '物资', '交通', '省政府']"
5042,0,"['火车票', '智行', '有限公司', '地址', '科技', '管理局', '企业', '机票', '上海市', '百度', '手续费', '教程']"
5124,1,"['马蜂窝', '机票', '酒店', '肺炎', '产品']"
5138,1,"['飞猪', '先生', '香港', '幌子', '航空', '全额', '客服', '服气', '电话', '新闻', '广州', '出境', '机票', '维权', '恶心']"
5250,0,"['航班', '伊宁市', '中心', '乌鲁木齐', '后序', '新疆', '民航局', '事务', '费用', '机票', '手续费', '伊宁', '前序', '售票', '返程', '政策']"
5470,0,"['计划', '冠状', '机票', '电话', '肺炎', '办公', '客服', '小伙伴', '酒店']"
5493,0,"['酒店', '同程', '订单', '产品', '集团', '航空公司', '火车票', '人员', '政策', '户口本', '机票', '证明', '资源', '边防', '工作者', '政府部门', '保险费用', '客服']"
5534,0,"['退票费', '手续费', '机票', '大学生']"
5692,0,"['监管部门', '北京市', '铁路', '发布会', '新闻', '人员', '政策', '经营者', '旅客', '办理手续', '市场监管', '肺炎', '退团']"
6066,1,"['手机', '地点', '通话', '肺炎', '卡点', '车辆', '车主', '日报', '海南', '交通', '司乘人员', '软件', '记录', '方式']"
6136,2,"['时机', '中心', '频道', '客服', '订单', '中国消费者协会', '民航局', '逻辑', '规定', '泰国', '栓牢', '客户', '事务', '维权', '机票', '不合理', '航空']"
6149,1,"['维权', '航司', '机票', '被扣', '规定', '官司', '手续费', '航空公司', '私信', '力量']"
6261,2,"['机票', '中心', '退票费', '民航局', '事务', '白白浪费', '政策']"
6320,1,"['温州', '长龙', '管理局', '济州', '航空', '机票', '中国消费者协会']"
6395,2,"['成都', '父亲', '长沙', '病危', '法院', '法治', '湖南', '化名', '机票']"
6466,0,"['香港', '酒店', '新冠', '工会', '社交', '计划', '旅客', '人手', '媒体', '裁员', '负面', '集团']"
6515,2,"['气死', '民航局', '事务', '中心', '退票费', '机票', '限流', '中国民航', '政策']"
6719,0,"['入境', '新加坡', '游客', '个案', '病例', '总数', '出境', '公民', '印尼', '印度', '旅游局', '市民', '内地', '来源', '肺炎', '旅客', '局长']"
6864,0,"['会员', '金额', '旅客', '保级', '小语', '肺炎', '里程', '航段', '公告', '贵宾', '明码标价', '新冠', '有效期', '计划', '细则']"
6911,2,"['民航局', '手续费', '航司', '退票费', '机票', '事务', '中心', '保护伞', '冤大头', '中国民航']"
7019,0,"['肺炎', '浙江', '粮食', '发布会', '物资', '新闻', '油米', '大妈', '交通', '新冠', '副局长', '总体']"
7085,0,"['浙江', '粮食', '肺炎', '发布会', '物资', '新闻', '油米', '母亲', '交通', '副局长', '总体']"
7168,0,"['语文', '链接', '链断裂', '资金', '硕士', '大学', '交通', '网页', '东北师范大学', '朝阳区', '科技', '手机', '有限公司', '借口', '创始人']"
7227,2,"['电子', '物流', '交通', '银行', '贷款', '领域', '净利润', '部分', '企业', '发力', '信贷']"
7282,0,"['中消协', '专家', '酒店', '维权', '律师', '链接', '经营者', '网页', '主张', '火车票', '机票', '计划', '肺炎', '新冠', '费用']"
7321,2,"['转型', '物流', '基础设施', '城际', '政策', '工业', '交通', '互联网', '中央', '财力', '企业', '市政', '失业', '人工智能', '感觉']"
7371,0,"['机票', '客户', '中国民航', '群众', '寒心', '中国消费者协会', '新闻', '人民', '零点', '手续费', '航空']"
7616,2,"['贵州', '交通', '关卡', '卡点', '人员', '贵州省', '高速公路', '新华社', '车辆', '物资', '省界', '据介绍', '湖北省']"
7767,2,"['数据', '国际', '交通', '世界', '高质量', '世行', '质量', '时用', '电力', '面板', '基础设施', '能源']"
7894,0,"['旅行社', '手续费', '机票', '酒店', '典叔', '法律', '字幕版', '黑猫']"
8027,2,"['肺炎', '旅客', '铜锣湾', '平息', '尖沙咀', '网页', '冠状', '饮食', '旺区', '结业', '旅发局', '地产', '商户', '业界', '代理', '去年同期', '人次', '市民', '链接']"
8236,2,"['交通', '精准', '人工智能', '感官', '人工', '便利性', '内容', '无缝', '方式', '国际', '趋势']"
8562,0,"['副行长', '报告', '媒体', '经济社会', '措施', '交通', '货币政策', '实体', '金融服务', '目标', '焦点', '肺炎', '新冠', '压力']"
8964,1,"['问问', '菜价', '行省', '宅家', '厨艺', '交通']"
8999,1,"['景区', '游客', '财经', '售票', '通告', '人民', '限流', '萍乡', '线下', '舒适度', '门票']"
9091,2,"['省钱', '学生', '追星', '问卷', '费用', '座机', '地点', '蛋糕', '地方', '零用钱', '演唱会', '饰品店', '门票', '奶茶', '质量', '待遇', '早餐']"
9107,1,"['社会', '事件', '收益', '旅客', '人次', '食肆', '零售业', '办公室', '总量', '酒店业', '香港', '经济损失', '香港政府', '港府', '旅游业', '早报网']"
9212,2,"['民航局', '葡萄', '事务', '中心', '长宁', '飞机', '政策', '航空', '资金', '机票', '手续费', '无法', '中国消费者协会', '政府', '皮儿', '中国民航']"
9518,1,"['工作者', '广州', '景区', '游玩', '美景', '门票', '广东', '证件', '山海', '动植物', '人文', '收费', '博物馆', '园林', '医务人员', '医护', '医务']"
9522,2,"['政策', '资产', '有所', '地产', '发力', '结构', '领域', '旅客', '客运量', '种类', '投入产出', '额度', '入境']"
9594,0,"['工厂', '交通', '证实', '指标', '开工率', '新冠']"
9715,2,"['行程', '酒店', '机票', '飞猪', '报告', '三亚', '火车票']"
9732,1,"['火车票', '机票', '信心', '出去玩', '宅家', '飞猪', '数据', '报告']"
9747,1,"['火车票', '机票', '信心', '出去玩', '宅家', '飞猪', '数据', '报告']"
9770,2,"['文化', '产业', '景区', '工作者', '医务', '潜力', '范围', '基础', '实招', '免票', '门票', '优惠政策', '恢复性', '文件']"
9808,0,"['事儿', '飞猪', '计划', '信心', '长假', '火车票', '航空', '机票', '报告', '数据', '酒店']"
9961,2,"['大学', '住宿', '同学', '交通', '同事']"
10060,0,"['香港', '罚款', '警方', '定额', '交通']"
10420,0,"['系统故障', '计划', '网友', '机票']"
10669,2,"['系统故障', '火速', '头条', '新闻', '机票']"
10671,0,"['系统故障', '计划', '网友', '机票']"
10806,2,"['区议会', '议员', '西贡', '居民', '公园', '纪念', '黄丝', '议会', '选民', '全港', '眼睛', '天理', '环境', '交通', '致力', '民建联', '社区', '政府', '小动作', '名作']"
11023,2,"['纽约', '机票', '一键']"
11097,1,"['交通', '年轻人', '资料', '存款', '年度', '错题', '刷题', '比重', '额度']"
11348,0,"['香港', '黑暴', '财赤', '旅客', '财政司', '外地', '预算案', '分子', '首度', '实质', '财政', '赤字']"
11352,0,"['黑暴', '香港', '旅客', '外地', '分子']"
11441,0,"['宅家', '精品', '大学', '规划', '课程', '心仪', '交通', '学术', '宿舍', '讲座', '南安普顿', '学子']"
11889,1,"['航班', '白菜价', '机票价格', '机票', '航空', '客流', '航司', '出港', '航线', '热门', '集体']"
11911,1,"['商家', '飞猪', '面向', '银行', '资金', '办法', '生态', '政策', '负责人', '渡过难关', '资金周转', '利益', '机票', '计划']"
12081,1,"['客服', '机票', '订单', '联系', '无法', '代理商', '人员', '环节', '人工', '广州', '发邮件', '女士', '单量', '航司', '步骤', '邮箱', '空号']"
12192,2,"['机票', '联系', '链接', '网因', '网页', '客服', '投诉量', '人员']"
12332,2,"['网贷', '网民', '交通', '陷阱', '贷款', '消费观', '方式', '晨曦', '幌子', '动态', '高利贷', '文图', '过度', '利息']"
12400,0,"['基础', '社交', '交通', '领域', '女性', '关系', '时代', '云端', '金融', '租房', '会议', '话语权', '变局', '花费']"
12473,2,"['主题', '民航局', '航空公司', '机场', '旅客', '额度', '事务', '地区', '主旋律', '管理局', '答题', '奖项', '政策', '符合要求', '一等奖']"
12686,1,"['博物馆', '剧目', '成都', '部分', '景区', '医护人员', '警务人员', '博物院', '措施', '观众', '院团', '文艺', '发布会', '家属', '门票', '故居', '盐业']"
13306,2,"['景区', '西安', '爆料', '会员卡', '乱收费', '会员制', '原本', '游玩', '门票', '网友', '办理', '余额']"
13309,2,"['景区', '西安', '爆料', '会员制', '游玩', '门票', '原本', '网友', '余额', '办理']"
13337,0,"['球馆', '媒体报道', '门票', '销售收入', '球迷', '商店']"
13371,2,"['法律', '网友', '航空公司', '费用', '机票', '理由', '购票', '条件', '葱儿', '社区', '专家团', '款项', '义务', '买家']"
13580,2,"['票务', '酒店', '服务费', '国际', '机票', '费用']"
13716,2,"['小编', '交通', '国际', '假票', '购票', '旅客', '动态', '买票']"
13778,0,"['旅客', '环节', '体贴', '国际', '理念', '环境']"
13864,0,"['门票', '演唱会', '渠道', '国际', '官方']"
13913,1,"['责任', '行李箱', '行李', '限额', '旅客', '承运人', '社区', '律师', '法律', '专家团', '检查一下', '办理', '保价', '物品', '人民币', '规定', '属性']"
14005,1,"['营业', '烧烤店', '范围', '部分', '城区', '爆料', '交通', '哈尔滨', '东门', '擦边球', '双城', '检查人员', '堂食', '人分']"
14257,1,"['新冠', '记者', '网页', '机票', '火车票', '电话', '飞猪', '排队', '指向', '客服', '途牛', '艺龙', '同程', '酒店', '链接']"
14265,0,"['机票', '素材', '母亲', '天价', '大漠', '回国', '英国伦敦', '儿子', '乘飞机', '现实', '金钱', '无情', '粪土', '共融', '祖国', '伦敦']"
14552,1,"['企业', '风景', '金融机构', '门票', '文旅', '工会组织', '消息', '干部职工']"
14554,1,"['面向', '网页', '职工', '门票', '各市县', '游客', '云游', '链接', '信心']"
14555,0,"['门票', '半价', '景区', '游客', '干部职工']"
14608,1,"['门票', '半价', '旅游点', '乡村', '景区', '游客']"
14642,1,"['景区', '门票', '秦淮区', '南京市', '南京', '限时', '官方']"
14661,0,"['门票', '半价', '景区', '游客', '干部职工']"
14685,0,"['门票', '力求', '组合拳', '大礼包']"
14879,1,"['俱乐部', '部分', '球员', '薪资', '德甲', '电视转播', '球队', '球迷', '薪水', '高层', '门票', '状态', '商业', '财政']"
14888,0,"['景区', '部分', '门票', '职工', '信心', '半价']"
14902,1,"['出去玩', '门票', '游客', '景区', '组合拳', '旅游点', '乡村', '力求', '干部带头', '半价', '干部职工']"
14909,1,"['文旅厅', '门票', '各市县', '江西省', '消息']"
14956,1,"['交通', '文山', '区域', '云南', '警力', '私家车', '警车', '面包车', '路面', '肺炎', '铁军', '饭店', '新冠', '治庸', '酒吧', '形势']"
14991,1,"['文旅', '企业', '工会', '金融', '门票', '卡券', '各市县', '面向', '链接', '景区', '分类']"
15090,1,"['景区', '企业', '文旅', '游客', '门票', '金融', '赏花', '微团游', '研学', '交通', '亲子']"
15142,2,"['门票', '村组', '半价', '小区', '旅游点', '乡村', '时长', '职工', '消息', '文旅厅', '游客', '封闭式']"
15148,2,"['消息', '门票', '旅游点', '游客', '乡村', '文旅厅', '半价', '时长', '职工', '电子']"
15165,2,"['门票', '村组', '半价', '小区', '旅游点', '乡村', '时长', '职工', '消息', '文旅厅', '游客', '封闭式']"
15199,2,"['门票', '村组', '半价', '小区', '旅游点', '乡村', '时长', '职工', '消息', '文旅厅', '游客', '封闭式']"
15263,2,"['门票', '村组', '半价', '小区', '旅游点', '乡村', '时长', '职工', '消息', '文旅厅', '游客', '封闭式']"
15311,0,"['道路', '部署', '大队', '民警', '交通', '时段', '群众', '路段', '交通事故', '辖区', '肺炎', '肇祸', '方式', '高压', '驾驶员', '环境', '科学']"
15342,2,"['消息', '门票', '旅游点', '游客', '乡村', '文旅厅', '半价', '时长', '职工', '电子']"
15377,1,"['半价', '消息', '旅游点', '乡村', '文旅厅', '门票', '游客', '时长', '职工', '头条新闻', '电子']"
15547,0,"['新加坡', '核心', '贸工部', '距离', '航空', '物品', '金融', '管理局', '负值', '旅客', '人次', '旅游业']"
15633,0,"['程程', '民航局', '解决问题', '四川航空公司', '电话', '高价', '机票', '人士', '航空', '事务', '中心', '乌鲁木齐', '踢皮球', '中国民航']"
15671,1,"['机票', '航空', '新加坡', '商报', '代理商', '机票代理', '企业', '泰国', '菲律宾', '宿务', '太平洋', '代金券', '记者', '廉价', '狮子', '利益']"
16333,1,"['民众', '面向', '肺炎', '电子', '干部职工', '云游', '恢复元气', '媒体报道', '底气', '游客', '文旅', '门票']"
16549,2,"['酒店', '价位', '旅馆']"
16551,2,"['酒店', '旅馆']"
16569,0,"['主持人', '云南', '4s店', '霸气', '商家', '频率', '电视台', '交通', '电话', '维权', '工作人员', '网友', '沸点']"
16703,2,"['体系', '现实', '技术', '数字', '世界', '图景', '硬件', '体验', '交通', '社区', '软件', '性质', '载端']"
16881,0,"['券卡', '图书', '门票', '景点', '重庆', '渝中区', '母城', '购物券', '咖啡', '美食', '消费市场', '酒店', '电影']"
17165,1,"['汽车', '商务部', '交通', '环境保护', '肺炎', '新冠', '发力', '汽车销量', '负责人', '生命周期', '产生', '总额']"
17171,2,"['网友', '机票', '飞猪', '航司', '短信', '计划表', '热议', '航空公司', '订单']"
17241,2,"['汽车', '综合性', '可行性', '发力', '交通', '环境保护', '地方', '商务部', '企业', '中央', '针对性', '政策措施', '联社', '负责人', '生命周期']"
17249,1,"['火姐', '总结', '海陆空', '方式', '交通', '演唱会', '屁话']"
17325,0,"['携程', '机票', '媒体', '官方', '协会', '客服', '中国消费者协会', '航班', '全额', '航空公司', '客户', '真话', '电话']"
17356,2,"['现金流', '财经', '危机', '家庭', '层面', '交通', '供需']"
17374,2,"['汽车', '商务部', '综合性', '可行性', '交通', '环境保护', '地方', '企业', '中央', '发力', '针对性', '政策措施', '负责人', '生命周期']"
17404,0,"['文化娱乐', '第一课', '国家统计局', '住宿', '疫后', '副局长', '交通', '社会', '中央']"
17644,0,"['粘性', '媒体', '补贴', '营业额', '政府', '客流', '线下', '实体店', '门票', '产生', '决策者', '商务局']"
17692,0,"['海南', '产品', '景区', '携程', '机票', '海岛', '基础', '数据', '门票', '酒店', '记者', '体系', '措施', '人次']"
17947,0,"['荷兰', '航空', '民航局', '中心', '皇家', '事务', '中国民航', '新闻', '环球时报', '机票']"
18363,1,"['失业', '低收入者', '领域', '地区', '发券', '范围', '渡过难关', '背景', '民间', '民工', '宁波', '研究所', '研究员', '救济', '门票', '工具']"
18692,0,"['粮食', '粮油', '西安市', '产品', '网络', '库存', '口粮', '西安', '交通', '企业', '市民', '新冠']"
18731,0,"['粮食', '粮油', '西安市', '产品', '库存', '网络', '口粮', '市民', '交通', '企业', '西安', '新冠']"
18754,0,"['粮食', '粮油', '西安市', '产品', '库存', '网络', '口粮', '市民', '交通', '企业', '西安', '新冠']"
18768,2,"['古镇', '聚餐', '交通', '细节', '茶杯', '程序', '湿巾', '群众', '文旅', '什川古', '青城', '链接', '网页', '梨园', '热情', '市民']"
18873,1,"['锦江', '公园', '生态', '策划', '文旅', '风貌', '链接', '网页', '景观', '成都', '市民', '交通', '工程', '亮点', '关键', '社区']"
19024,1,"['演艺', '中心', '门票', '文化', '山东', '广场', '落户', '酒店', '山大路', '济南', '红事会', '策划', '经济效益', '招商', '花园路', '地块', '目的', '剧场']"
19067,1,"['交通', '日报', '来源']"
19088,1,"['文化', '山东', '广场', '山大路', '门票', '目的', '策划', '招商', '花园路', '地块', '选址', '招商引资', '济南市', '试运营', '计划', '经济效益']"
19664,1,"['汽车', '广州', '广州市', '工业', '电台', '交通', '新能源', '总产值', '制造业', '补贴', '爆料', '信息化', '措施', '电视记者']"
19750,1,"['铁警', '西南', '保平安', '交通', '形势']"
19766,0,"['景区', '文化', '门票', '半价', '南昌', '消费市场', '南昌市', '人民政府', '文旅', '游客', '省政府', '组合拳', '居民', '演艺', '旅游点']"
19769,2,"['黄山', '门票', '旺季', '时段', '景区', '人山人海', '常规', '淡季']"
19776,2,"['景区', '南昌', '文化', '礼物', '半价', '消费市场', '门票', '南昌市', '人民政府', '商品', '游客', '文旅', '专线', '省政府', '演艺', '旅游点']"
20117,0,"['文化', '试点', '昆明', '昆明市', '门票', '电影票', '要闻', '金额', '试点县', '试点工作', '财政局', '旅游局']"
20135,0,"['联程', '集体', '误机', '机票', '航段', '民航局', '事务', '中心', '回国', '起飞时间', '乘客', '异国']"
20226,0,"['女士', '名牌', '猴子', '公园', '门票', '过程', '母子俩', '游玩', '儿子', '价值', '包被', '贵州', '贵阳']"
20262,0,"['怀化市', '财政局', '大使馆', '俄罗斯', '人员', '总工会', '陆路', '干部', '边境', '工作人员', '俄方', '两国', '教师工资', '联系', '记者', '门票', '使领馆', '信源', '玉渊潭公园']"
20464,0,"['汽车', '人民网', '基础设施', '资源', '承载量', '交通', '肺炎', '环境保护', '商务部', '规划', '碳化', '保有量', '信息化', '新冠']"
20490,0,"['汽车', '人民网', '基础设施', '资源', '承载量', '交通', '肺炎', '环境保护', '商务部', '规划', '碳化', '保有量', '信息化', '新冠']"
20648,2,"['原料', '竞争机制', '机制', '成本', '物流', '压力', '面试题', '流量', '思路', '措施', '关键词', '行业标准', '资质审查', '交通', '政府']"
20770,0,"['汽车', '人民网', '肺炎', '基础设施', '资源', '承载量', '交通', '环境保护', '商务部', '规划', '碳化', '保有量', '信息化', '新冠']"
20774,0,"['汽车', '人民网', '基础设施', '资源', '承载量', '交通', '肺炎', '环境保护', '商务部', '规划', '碳化', '保有量', '信息化', '新冠']"
20893,0,"['代理', '代理人', '航协', '机票', '企业', '个别', '客流', '贡献', '客运', '分会', '国际', '航空公司', '自律', '社会公众', '航班']"
20903,0,"['航协', '代理', '机票', '代理人', '客流', '分会', '国际', '天价', '客运', '社会公众', '航班', '个别', '业界', '座位', '票价']"
20934,0,"['机票', '代理', '国际', '个别', '航协', '天价', '客流', '利益', '现象', '航班', '座位', '票价', '单向', '客运', '代理人', '航空公司', '主体']"
20936,0,"['代理', '航协', '代理人', '机票', '企业', '国际', '天价', '客流', '个别', '自律', '分会', '客运', '贡献', '航空公司', '航班']"
21040,0,"['网页', '商业', '新冠', '频道', '新闻', '肺炎', '机票', '回国', '链接', '消息', '美国劳工部', '数据', '失业人数', '困境', '失业']"
21119,2,"['补贴', '京津冀', '新能源', '绿色', '货车', '柴油', '方式', '地区', '购置税', '合力', '汽车', '交通', '政策', '标准', '措施', '奖代', '汽车产业']"
21895,0,"['农业', '商户', '农户', '交通']"
22398,0,"['人民', '游戏', '数据', '咨询服务', '直通车', '维权', '一键', '领域', '页面', '律师', '机票', '汽车', '报告', '上线']"
22782,0,"['半价', '江苏', '省市', '陇南', '南京', '政策', '门票', '景区', '河北', '措施', '发文', '浙江', '网友']"
22784,0,"['半价', '陇南', '浙江', '河北', '江苏', '南京', '门票', '景区', '政策']"
22795,0,"['半价', '陇南', '浙江', '河北', '江苏', '南京', '门票', '景区', '政策']"
22797,0,"['江苏', '半价', '河北', '门票', '景区', '陇南', '南京', '浙江', '政策']"
22798,0,"['新能源', '手机', '汽车品牌', '电动车', '企业', '发布公告', '汽车产业', '效应', '传统', '数据', '汽车', '鲶鱼', '本土', '科技', '能源', '交通']"
22808,0,"['半价', '意见', '陇南', '浙江', '河北', '江苏', '南京', '门票', '景区', '政策']"
22811,0,"['半价', '陇南', '浙江', '河北', '江苏', '南京', '门票', '景区', '政策']"
22814,0,"['浙江', '门票', '天假', '河北', '景区', '出去玩', '半价']"
22856,0,"['半价', '陇南', '浙江', '河北', '江苏', '南京', '门票', '景区', '政策']"
22870,0,"['半价', '陇南', '浙江', '河北', '江苏', '南京', '门票', '景区', '政策']"
22897,0,"['半价', '陇南', '浙江', '河北', '江苏', '南京', '门票', '景区', '政策']"
22900,0,"['半价', '陇南', '浙江', '河北', '江苏', '南京', '门票', '景区', '政策']"
22903,0,"['问问', '浙江', '门票', '消息', '河北', '景区', '政策', '半价', '岛叔', '岛友']"
22911,2,"['开店', '钥匙', '官方', '销量', '上线', '地垫', '浙江', '交通', '轮胎', '实体', '电商', '配件', '天猫', '车型', '天价']"
22919,0,"['半价', '陇南', '浙江', '河北', '江苏', '南京', '门票', '景区', '政策']"
22936,0,"['半价', '陇南', '浙江', '河北', '江苏', '南京', '门票', '景区', '政策']"
22952,0,"['半价', '江苏', '南京', '陇南', '政策', '效果', '浙江', '门票', '景区', '河北', '网友', '发文']"
22963,0,"['半价', '陇南', '浙江', '河北', '江苏', '南京', '门票', '景区', '政策']"
22996,0,"['半价', '陇南', '浙江', '河北', '江苏', '南京', '门票', '景区', '政策']"
22999,0,"['半价', '陇南', '浙江', '河北', '江苏', '南京', '门票', '景区', '政策']"
23006,0,"['半价', '陇南', '浙江', '河北', '江苏', '南京', '门票', '景区', '政策']"
23009,0,"['半价', '陇南', '浙江', '河北', '江苏', '南京', '门票', '景区', '政策']"
23014,0,"['半价', '陇南', '浙江', '河北', '江苏', '南京', '门票', '景区', '政策']"
23028,0,"['半价', '陇南', '浙江', '河北', '江苏', '南京', '门票', '景区', '政策']"
23031,0,"['半价', '陇南', '浙江', '河北', '江苏', '南京', '门票', '景区', '政策']"
23034,0,"['半价', '陇南', '浙江', '河北', '江苏', '南京', '门票', '景区', '政策']"
23042,0,"['半价', '陇南', '江苏', '南京', '门票', '景区', '政策']"
23055,0,"['半价', '陇南', '浙江', '河北', '江苏', '南京', '门票', '景区', '政策']"
23059,0,"['半价', '陇南', '浙江', '河北', '江苏', '南京', '门票', '景区', '政策']"
23076,0,"['半价', '陇南', '浙江', '河北', '江苏', '南京', '门票', '景区', '政策']"
23079,0,"['半价', '陇南', '浙江', '河北', '江苏', '南京', '门票', '景区', '政策']"
23080,0,"['半价', '陇南', '浙江', '河北', '江苏', '南京', '门票', '景区', '政策']"
23086,0,"['半价', '陇南', '浙江', '河北', '江苏', '南京', '门票', '景区', '政策']"
23096,0,"['半价', '陇南', '浙江', '河北', '江苏', '南京', '门票', '景区', '政策']"
23110,0,"['半价', '陇南', '浙江', '河北', '江苏', '南京', '门票', '景区', '政策']"
23111,0,"['半价', '陇南', '浙江', '河北', '江苏', '南京', '门票', '景区', '政策']"
23113,0,"['半价', '湘潭', '大学', '陇南', '浙江', '经纬', '来源', '河北', '江苏', '天地', '南京', '门票', '景区', '传媒', '中心', '校园', '政策']"
23114,0,"['半价', '陇南', '浙江', '河北', '江苏', '南京', '门票', '景区', '政策']"
23117,0,"['人民', '游戏', '数据', '人民网', '直通车', '维权', '一键', '律师', '咨询服务', '领域', '页面', '机票', '汽车', '报告', '上线']"
23128,0,"['半价', '浙江', '河北', '门票', '景区', '政策']"
23129,0,"['半价', '陇南', '浙江', '河北', '江苏', '南京', '门票', '景区', '政策']"
23131,0,"['半价', '陇南', '浙江', '法治', '河北', '江苏', '南京', '门票', '景区', '政策']"
23132,0,"['半价', '陇南', '浙江', '河北', '江苏', '南京', '门票', '景区', '政策']"
23148,0,"['半价', '门票', '景区', '政策']"
23368,1,"['交通', '重庆', '景点', '住宿', '魅力', '路线']"
23454,0,"['半价', '陇南', '浙江', '河北', '江苏', '南京', '门票', '景区', '政策']"
23514,0,"['半价', '陇南', '浙江', '河北', '江苏', '南京', '门票', '景区', '政策']"
23563,0,"['半价', '陇南', '浙江', '河北', '江苏', '南京', '门票', '景区', '政策']"
23574,0,"['半价', '陇南', '浙江', '河北', '江苏', '南京', '门票', '景区', '政策']"
23630,0,"['半价', '陇南', '浙江', '河北', '江苏', '南京', '门票', '景区', '政策']"
23631,1,"['网页', '景区', '门票', '福利', '半价', '小吃', '链接', '省钱', '夜景']"
23717,2,"['贵州', '景区', '重磅', '门票']"
23864,0,"['大陸', '目標', '說法', '利己', '利國', '氣氛', '經濟', '旅客', '外國', '遊客']"
24077,2,"['景区', '文化', '保证金', '高质量', '贵州省', '办公厅', '贵州', '方案', '旅游业', '人民政府', '专项资金', '服务质量', '门票', '经营项目', '措施', '企业', '时段']"
24551,0,"['良机', '趋势', '长假', '数据', '交通', '报告', '携程']"
24617,0,"['系数', '车险', '大幕', '记者', '世纪', '赔款', '交通', '规定', '商业', '公司', '定价', '核保', '渠道', '费率']"
24629,0,"['良机', '趋势', '长假', '数据', '交通', '报告', '携程']"
24800,1,"['重庆', '机票', '民宿', '性价比', '有所', '功课', '景点', '成都']"
24857,2,"['手机', '银行', '交通', '门禁卡', '专属', '汇总', '综上', '频段', '范围', '高校', '信用卡', '技术', '存取款', '类型', 'IC卡', '企业', '交通卡', '标准', '数据']"
24906,0,"['长假', '成都', '目的地', '趋势', '数据', '报告', '热度', '高度', '出发地', '倒计时', '交通', '客源地']"
24985,1,"['文化娱乐', '交通', '宅家', '串亲戚']"
25021,0,"['成都', '网页', '目的地', '趋势', '长假', '数据', '交通', '报告', '链接', '高度', '商报', '出发地', '客源地', '热度', '文旅']"
25042,1,"['旅游业', '跌价', '机票', '大众', '消费力', '阶段']"
25362,1,"['澳门', '澳门元', '预算案', '财政', '年度', '计划', '专项基金', '住宿', '旅客']"
25416,2,"['文旅', '热情', '门票', '山西省', '景区', '头道', '大众']"
25517,2,"['省份', '数据', '福建', '江苏', '湖南', '广东', '天津', '浙江', '烟酒', '交通', '重庆', '居民', '榜单', '居民收入']"
25650,2,"['文旅', '山西', '热情', '门票', '山西省', '黄河', '景区', '头道', '大众', '来源']"
25687,2,"['省份', '浙江', '湖南', '福建', '江苏', '天津', '广东', '烟酒', '交通', '重庆', '居民', '数据']"
25689,2,"['酒精', '司机', '含量', '民警', '机动车', '饮酒', '血液', '高速公路', '醉酒', '交通', '过程', '环境', '大队', '公安局', '交警支队', '营运', '净化', '群众']"
25705,2,"['文旅', '黄河', '热情', '门票', '山西省', '景区', '头道', '大众', '来源', '山西']"
25799,1,"['数据', '省份', '链接', '网页', '烟酒', '交通', '居民', '经纬', '买力', '国家统计局']"
25905,0,"['景区', '峨眉山', '九寨沟', '空间', '身心', '新闻', '趋势', '计划', '门票', '数据', '同程', '长假', '有益', '热度']"
26075,2,"['广州', '网络', '市民', '交通', '经济运行', '渗透率', '电台', '数据', '亮点', '亮眼', '爆料', '肺炎', '电商', '电视记者', '学者']"
26230,1,"['礼物', '销量', '专辑', '文化', '流量', '影视娱乐', '学生', '骂人', '爱玩', '良性', '发帖', '社会', '大学', '有点', '声音', '音乐会', '门票', '禁哥']"
26293,2,"['酒店', '机票', '火车票', '下单']"
26365,0,"['交通', '压力', '旅游景点', '社会', '驱动力', '意义', '关键', '游客', '程度', '体验']"
26399,2,"['酒店', '机票', '讲堂', '法律', '火车票', '下单']"
26720,0,"['景区', '空间', '峨眉山', '九寨沟', '身心', '趋势', '门票', '数据', '同程', '有益', '热度', '文旅', '数量']"
26763,2,"['黄色', '经济圈', '香港', '旅客', '零团', '旅行社', '协会主席', '内地', '入境', '团体', '同路人']"
26812,0,"['黄金', '旅馆', '济州岛', '韩国', '部份', '大潮', '机票', '房间', '重地', '补偿性']"
26849,1,"['互联网', '工业', '数据', '基础设施', '制造业', '关键', '断水', '大面积', '领域', '石油', '系统', '中断', '断电', '传统', '落地', '交通', '电力']"
26883,2,"['香港', '旅游业', '旅客', '人次', '计划', '年度', '当局', '资金', '浮薪', '旅游局', '管理层', '数据', '旅发局', '冻薪', '稻草', '议员']"
26893,2,"['旅游业', '香港', '旅客', '计划', '当局', '旅游局', '资金', '人次', '稻草', '数据', '议员']"
26916,1,"['景区', '成都', '雅安', '有效期', '有力', '资阳', '文旅', '定价', '绵阳', '内文', '门票', '半价', '游客', '持卡', '同行者', '部分']"
27149,2,"['人员', '肺炎', '乘客', '新冠', '链接', '交通', '体温', '转码', '码头', '机场', '站点', '网页', '指挥部', '旅游者', '外省', '山东省', '车站', '症状']"
27217,1,"['领导小组', '景区', '计划', '旅游者', '伙伴', '体温', '具体措施', '交通', '住宿']"
27296,2,"['演唱会', '香港', '音乐', '成本', '残粉', '范围', '帽子', '门票', '部分', '内地', '歌手', '重庆']"
27728,2,"['酒店', '机票', '火车票', '下单']"
27798,2,"['酒店', '机票', '火车票', '下单']"
27829,2,"['酒店', '机票', '火车票', '下单']"
27831,1,"['飞机票', '酒店', '热门', '住宿', '数据', '成都', '法则', '重庆', '味儿', '昆明', '机票', '航线', '飞猪']"
27832,2,"['常态', '地区', '人员', '身心', '民众', '级别', '酒店', '压力', '文旅', '元气', '机票', '长假', '风险', '居家']"
28135,0,"['产品', '书店', '商户', '文创', '文化', '新华书店', '景区', '门票', '图书', '营业', '状况', '商家', '演出票', '实体', '课程', '电影票', '礼物', '补贴']"
28138,0,"['文化', '图书', '图书大厦', '产品', '课程', '文惠券', '音像制品', '电子', '补贴', '双重', '景区', '管理中心', '中关村', '门票', '北京市', '特例', '演出票', '北京地区']"
28172,0,"['文化', '产品', '景区', '门票', '演出票', '文创', '图书', '课程', '电影票', '电子', '北京市', '领文惠券', '官方']"
28174,0,"['文化', '电子', '景区', '产品', '管理中心', '门票', '演出票', '北京市', '北京地区', '文创', '课程', '电影票', '资产', '总额', '图书', '文惠券', '官方']"
28205,0,"['文化', '产品', '景区', '门票', '课程', '演出票', '文创', '图书', '电影票', '电子', '北京市', '官方', '领文惠券']"
28212,0,"['殡仪馆', '文化', '信源', '产品', '董事长', '景区', '门票', '演出票', '图书', '文创', '集团', '遗体', '课程', '消息', '新闻记者', '新闻', '好友', '整点']"
28336,2,"['景区', '方案', '核定', '热门', '经营项目', '游客量', '贵州省', '贵州', '承载量', '门票']"
28408,1,"['景区', '南京', '门票', '潮流', '时代', '宅家', '鼓楼', '限时', '降价', '心心念念']"
28735,2,"['铁路', '交通', '精准', '风险', '地区', '长三角', '运力', '动态', '长假', '旅客']"
28913,2,"['档期', '人均收入', '意愿', '后者', '门票', '行列', '神经', '教授', '劳动节', '比重', '法式', '滋味', '故宫']"
28915,0,"['数据', '水路', '旅客', '入境', '餐馆', '小企业', '酒店', '困境', '总量', '长假', '香港', '大陆', '铁路', '景区', '总数']"
28946,2,"['旅客', '集团公司', '方案', '勤洗手', '返程', '广西', '客流', '游客', '条件', '铁路', '市民', '旅游业', '列车', '卫生防护']"
29072,2,"['费用', '男女', '情侣', '酒店', '机票', '经验', '家境', '收入水平', '男方', '女方', '细算', '比例', '环节', '分配比例', '经历']"
29121,2,"['记录', '单日', '气温', '信心', '长三角', '铁路', '旅客', '南京', '地图', '社会', '气象', '流量', '游客']"
29150,1,"['品质', '领导者', '产品', '致力于', '旅客', '力量', '航空', '声音', '准点', '信任', '成员']"
29285,2,"['发布会', '北京市', '肺炎', '通报', '新闻', '交通', '关键词', '领域']"
29408,0,"['规模', '门票', '赛事', '贡献', '女性', '游戏', '生态', '报告', '众筹']"
29433,2,"['广州', '电台', '交通', '市民', '爆料', '记者', '消息']"
29527,2,"['文旅', '山西', '长假', '旅游者', '景区', '化后', '常态', '人气', '门票']"
29659,2,"['电动车', '入户', '工作人员', '中村', '街道', '东坝', '交通规则', '方式', '案例', '村民', '交通', '特点', '群众']"
29682,0,"['车费', '作弊器', '南京', '机场', '景区', '出租车', '交通部门', '执法人员', '交通', '当心', '地点', '时段', '荔枝', '路线', '乘客']"
29710,0,"['羊城', '车窗', '交通', '亮话']"
29754,1,"['零星', '总体', '状态', '机制', '长假', '外防', '国务院', '交通', '压力', '发布会', '卫健委', '复杂性', '地方', '个别', '态势']"
29763,0,"['发布会', '部长', '国务院', '部党组', '成员', '文化', '长假', '财经', '交通', '部副', '商务部', '机制', '新闻']"
29770,0,"['国务院', '新闻', '长假', '发布会', '交通', '数据', '机制']"
29802,0,"['发布会', '部长', '机制', '新闻', '部党组', '成员', '长假', '交通', '视点', '文化', '国务院', '商务部', '部副']"
29816,0,"['机制', '部长', '发布会', '新闻', '部党组', '国务院', '成员', '长假', '交通', '文化', '商务部', '部副']"
29869,1,"['零星', '状态', '总体', '长假', '外防', '交通', '压力', '发布会', '国务院', '地方', '个别', '卫健委', '机制', '态势', '复杂性']"
29881,0,"['部长', '部党组', '成员', '文化', '商务部', '长假', '交通', '发布会', '人民', '部副']"
29903,0,"['国务院', '发布会', '机制', '长假', '都市报', '交通', '新闻', '南都']"
29919,0,"['部长', '新闻', '机制', '发布会', '长假', '部党组', '成员', '部副', '文化', '商务部', '国务院', '交通']"
29983,0,"['发布会', '国务院', '部长', '部党组', '机制', '成员', '长假', '文化', '交通', '商务部', '部副', '新闻']"
30000,0,"['发布会', '国务院', '部长', '部党组', '机制', '成员', '长假', '文化', '交通', '商务部', '部副', '新闻']"
30019,0,"['机制', '部长', '发布会', '新闻', '部党组', '国务院', '成员', '长假', '交通', '文化', '商务部', '部副']"
30222,0,"['套餐', '韧性', '铁路', '道路', '商务部', '销售额', '旅客', '总量', '企业', '网传', '水路', '年轻人', '部长', '良方']"
30237,1,"['货足价', '市场供应', '内需', '链接', '网页', '长假', '交通', '发布会', '旅客', '总量', '总体', '海外版', '潜力']"
30564,0,"['汽车', '集团', '东风', '家车', '想象', '热点', '体验', '战略', '制高点', '高速率', '汽车产业', '智能网', '智能', '交通', '广汽', '技术', '空间']"
30646,1,"['门票', '携程', '消息', '公主', '售票', '内各大', '官方', '产品', '热情']"
30822,0,"['业务', '体验', '主题公园', '限量', '度假区', '门票', '售票']"
31454,0,"['机票', '大件', '森友', '单机', '模样', '动物', '兄弟', '加拿大', '线下', '现金', '扫码', '体系', '金矿', '游戏', '任由']"
31529,2,"['火车票', '机票', '乘客', '规定', '快件', '飞机', '旗下', '航空公司', '模型', '公司', '进柜', '广东', '定价', '关键', '商业', '收费', '补票价']"
31544,1,"['铁路', '意险', '财产保险', '有限公司', '风险', '保险', '产品品质', '旅客', '消息', '额度']"
31691,1,"['吉林市', '地区', '时限', '社区', '高风险', '城区', '快件', '肺炎', '分区', '邮件', '标准', '新冠', '交通', '村屯', '舒兰市', '邮政', '管理局']"
31784,1,"['网点', '邮政局', '公司', '高风险', '肺炎', '社区', '舒兰市', '交通', '地区', '新冠', '负责人', '小哥', '吉林市', '部分']"
31945,1,"['吉林市', '地区', '时限', '社区', '高风险', '城区', '快件', '肺炎', '分区', '链接', '网页', '邮件', '标准', '新冠', '交通', '村屯']"
32001,2,"['门票', '追星', '演唱会', '女孩']"
32031,1,"['吉林市', '地区', '时限', '社区', '高风险', '城区', '快件', '肺炎', '分区', '邮件', '标准', '新冠', '交通', '村屯', '舒兰市', '邮政', '管理局']"
32256,0,"['平均工资', '人员', '交通', '数据', '国家统计局', '城镇', '规模', '企业', '科教', '公共服务']"
32362,1,"['广州', '收费', '一事', '途径', '收件人', '电台', '交通', '邮政', '管理局', '广东省', '法律', '企业', '权利', '费用', '产生', '热议', '电视记者']"
32395,1,"['广州', '收费', '一事', '途径', '收件人', '电台', '交通', '邮政', '管理局', '广东省', '法律', '企业', '权利', '费用', '产生', '热议', '电视记者']"
32397,2,"['旅客', '香港', '社區', '市民', '旅發局', '局勢', '項目', '特色', '氛圍', '訊息', '人次']"
32619,2,"['香港', '游客', '香港市民', '社区', '旅客', '肺炎', '内地', '信心', '人次', '旅发局', '旅游业', '特色', '气氛']"
32662,2,"['交通', '肉羊', '集团公司', '民办', '新创', '动态', '公司', '榆社县', '段家', '落地', '沟村', '成气候', '生蛋', '铁路', '困境', '母鸡', '协商']"
32949,2,"['地方', '政府', '环境', '共享税', '购置税', '中央', '车辆', '积极性', '交通', '压力', '汽车', '吉利', '收益', '浙江', '董事长', '领域', '消费税']"
33086,2,"['鱼水', '广州', '阳山', '信店', '开业', '电台', '交通', '村手', '精准', '贫困村', '省定', '爆料', '市民', '电视记者', '农产品']"
33151,2,"['地方', '政府', '环境', '财新网', '压力', '购置税', '共享税', '中央', '车辆', '汽车', '吉利', '收益', '交通', '浙江', '积极性', '董事长', '领域']"
34099,2,"['澳门', '旅客', '统计数据', '澳门元', '邻近地区', '博彩', '居民', '特首', '施政报告', '肺炎', '入境', '普查局', '旅游业']"
34228,2,"['泰国', '入境', '国际', '报导', '观光', '新加坡', '旅游胜地', '运输业', '社会', '人员', '人次', '日记', '旅客', '消费力', '越南', '肺炎', '新冠']"
35087,1,"['地铁', '消费水平', '牵绊', '交通', '房价', '乡情']"
35205,0,"['导向', '后劲', '基础设施', '交通', '城镇化', '硕士', '政府', '热词', '报告', '民生', '结构', '内需', '新词', '水利']"
35319,0,"['交通', '政策', '财税', '汽车', '物流配送', '城乡', '报社', '媒体', '热点', '新闻', '发布会', '中心', '新能源', '基础设施', '体系', '舆情', '布局']"
35336,1,"['鸟语林', '博物馆', '门票', '原价', '旅游局', '文化', '大连市', '景区', '价值', '携程', '凭券', '购票']"
35897,2,"['新兴产业', '报告', '部长', '领先', '城镇化', '交通', '互联网', '能源', '国际', '电网', '结构', '升舱', '后劲', '企业', '特色', '政府', '新面孔', '主导产业', '公司', '工业']"
36265,0,"['溧水', '景区', '限次', '参观', '音乐', '玫瑰园', '丽山', '影视', '含金量', '基地', '景点', '南京', '农场', '有效期', '资讯', '专属', '门票']"
36584,2,"['船队', '陆路', '西洋', '地图', '集散地', '矿点', '西南', '交通', '诸国', '资料', '记忆', '文献', '时尚', '地质学', '海路', '航线', '原产地', '西北', '朝贡']"
36675,1,"['汽车', '浦山', '财经', '全景', '牌照', '政策', '金融', '基金会', '国际', '副理事长', '潜力', '压力', '交通', '全景网', '讲坛']"
36693,0,"['汽车', '牌照', '财经', '政策', '国际', '潜力', '全景网', '副理事长', '全景', '压力', '交通', '限量', '市场需求']"
36719,1,"['汽车', '浦山', '财经', '全景', '牌照', '政策', '金融', '基金会', '国际', '副理事长', '潜力', '全景网', '压力', '交通', '讲坛']"
37000,2,"['商务活动', '制造业', '经济运行', '服务业', '宏观经济', '交通', '中心', '势头', '国家统计局', '落地', '消费市场', '政策措施', '效应', '互联网', '经济社会', '经理', '电信']"
37258,1,"['机票', '留学生', '经向', '网传', '链接', '报告', '网页', '旧金山', '总领馆', '高价', '学校', '警察局', '对方', '领馆', '回国', '家人', '服药']"
37384,1,"['印度', '禽蛋', '类别', '面包', '谷物', '牛奶', '服务业', '交通', '文章', '头条', '巨头', '水果', '领先', '真面目', '制造业', '优势', '印象']"
37478,0,"['指标', '小客车', '措施', '区域', '交通', '环境', '战略', '京津冀', '肺炎', '新闻', '营商', '成员', '党组', '公共交通', '买车', '部分', '政策', '指南']"
37799,1,"['商品', '社会', '交通', '地摊', '质量', '方便群众', '特殊政策', '日用品', '黑心', '价值', '商贩', '环境', '纵容', '本质']"
38218,2,"['指标', '摇号', '家庭', '新能源', '小客车', '北京市', '无车', '数量', '潜力', '新政', '交通', '内容', '方案', '中签率', '面向', '负责人', '政策']"
38438,0,"['内需', '公共设施', '大力', '民生', '战略', '基点', '城镇化', '结构', '后劲', '企业', '专家', '交通', '扩大内需', '县城', '空间', '记者', '水利', '导向']"
38543,1,"['地摊', '财政', '房东', '交税', '商铺', '成本', '补贴', '商贩', '店铺', '交租', '交通', '道路', '住户', '地方', '总需求', '食品卫生']"
38844,1,"['手帐', '研究所', '西南', '交通', '校园', '精神', '成都', '文具', '年轻人', '圈子', '大学', '特点']"
38893,1,"['环境', '形象', '地摊', '精细化', '宜居', '核实', '游商', '定位', '中心', '秩序', '品质', '功能定位', '交通', '噪音']"
38903,1,"['环境', '地摊', '形象', '精细化', '宜居', '游商', '核实', '定位', '中心', '秩序', '品质', '功能定位', '交通', '噪音']"
39302,0,"['航班', '班次', '航空', '消费行为', '旅客', '集体', '股价', '航司', '专家', '航空业', '航空公司']"
39456,1,"['城市群', '地区', '基础设施', '都市', '骨架', '交通', '网站', '长三角', '中心', '高速公路', '轨道交通', '京津冀', '大湾', '经济圈', '双城', '都市区', '城市交通']"
39542,1,"['基础设施', '地区', '城市群', '交通', '都市', '骨架', '长三角', '城际', '中心', '高速公路', '轨道交通', '经济圈', '大湾', '双城', '京津冀', '城市交通', '粤港澳', '都市区']"
39610,2,"['地区', '交通', '物流', '枢纽', '农村', '船票', '客运', '市场监管', '导向', '琼州海峡', '电子', '条件', '基础']"
39646,1,"['基础设施', '地区', '城市群', '交通', '都市', '城际', '骨架', '长三角', '高速公路', '中心', '轨道交通', '经济圈', '大湾', '双城', '京津冀', '城市交通', '交通网', '粤港澳']"
39647,2,"['程序', '酒店', '门票', '民宿', '市旅', '发局', '金额', '费用', '景区']"
39902,2,"['经济舱', '检查站', '梯田', '伊斯兰堡', '电话', '回国', '包机', '瑞斯', '大叔', '羊群', '牧民', '游客', '巴基斯坦', '准备就绪', '机票', '地区', '大使馆', '事儿', '河流']"
40417,0,"['信息产业', '动态', '体育产业', '交通']"
40676,1,"['汽车', '家庭', '费用', '公共交通', '第一桶金', '数据', '花费', '总理', '一辆车', '方法', '滴滴', '交通', '财富', '方式', '孩子', '资产']"
40811,0,"['铁路', '交通', '持续增长', '趋势', '高位', '货物', '动态', '消费市场', '客流', '企业', '常态', '学校', '青春', '地球', '宇宙', '哈尔滨']"
40859,1,"['保险', '权利', '航班', '保险公司', '犯罪行为', '机票', '狮姐', '律师', '政策', '代表', '航空公司', '客运', '要件', '诈骗罪', '类型', '天气', '漏洞']"
40893,0,"['铁路', '交通', '动态', '持续增长', '趋势', '高位', '货物', '消费市场', '客流', '青春', '企业', '学校', '常态', '地球', '宇宙', '哈尔滨']"
40894,0,"['铁路', '交通', '持续增长', '趋势', '高位', '货物', '动态', '消费市场', '客流', '企业', '常态', '学校', '青春', '地球', '宇宙', '哈尔滨']"
41010,2,"['文化', '特色', '中原', '广场', '艺术', '郑东', '原创', '氛围', '标杆', '交通', '原则', '湖畔', '办事处', '极具']"
41026,0,"['保险', '保险公司', '航班', '身份', '行为人', '湖南省', '民事', '机票', '原则', '刑法', '乘客', '标的', '事故', '观点', '律师', '目的', '规则', '航空']"
41088,0,"['铁路', '交通', '持续增长', '趋势', '高位', '货物', '动态', '消费市场', '客流', '企业', '常态', '学校', '青春', '地球', '宇宙', '哈尔滨']"
41093,0,"['旅行社', '航空公司', '广州', '行程', '机票', '客服', '代理商', '联系', '产品', '计划', '报告', '国际', '飞猪']"
41134,0,"['贵州', '记录', '毕业', '淡季', '黔东南', '门票', '贵阳', '民宿', '景区']"
41206,1,"['交易', '货源', '蔬菜', '车辆', '机关团体', '区域', '企业', '个人消费', '补货', '机制', '交通', '指导组', '餐饮企业', '肉类']"
41276,2,"['披萨', '咖啡', '店主', '地中海', '花式', '咖啡馆', '交通', '海鲜', '种草', '薄饼', '铁人', '大哥', '落地窗', '吧台', '火焰', '座位', '感觉', '之遥', '铁板', '教堂']"
41342,2,"['法制', '强势', '霸凌', '财经', '群体', '环境', '侠客岛', '原油', '营商', '责任', '纵容', '社会', '机票', '女子', '南京', '家庭', '评价', '法律', '航班']"
41410,1,"['西安', '空间', '万象', '建面', '地铁', '交通', '精彩', '总价', '故事']"
41481,0,"['航班', '漏洞', '事件', '机票', '小伙伴']"
41503,2,"['网友', '收费', '购票', '意见', '门票', '群体', '客户', '两极分化', '汽车行业', '车市', '行情', '会差', '部分', '目标', '人流', '观点', '入场', '销量']"
41564,0,"['票代', '国际', '航线', '加码', '票价', '层层', '高价', '天价', '切票', '航空公司', '关系户', '系统', '办法', '机票', '护照', '客票']"
41755,1,"['交通', '武义', '浙江', '公安部', '管理局', '饮酒', '聚会', '群众', '公安', '交警大队', '范围', '全县', '秩序', '乱象']"
41761,2,"['首都机场', '机票', '民航局', '考虑一下', '退票费', '底层', '政策', '人民', '三亚', '事务', '中心', '航空', '海南']"
42046,1,"['部分', '个体', '财政', '事业单位', '工商户', '企业', '机关', '房租', '开发区', '政府', '地方', '租金', '合理安排', '文旅', '资金', '依法', '门票', '文艺', '使用税', '潍坊']"
42071,2,"['太郎', '莎士比亚', '消磨时光', '意志', '浪费', '清风', '交通', '时光', '松浦', '日本', '作家', '事情', '闲暇', '著作', '意义']"
42249,2,"['退票费', '机票', '长假', '旅程', '航空', '海南', '全额', '记者', '计划', '客服', '服务费']"
42321,1,"['新闻', '政策', '地区', '事务', '中国东方航空', '全额', '中心', '民航局', '黑猫', '被扣', '机票', '手续费', '中国消费者协会', '头条新闻', '公告', '民用航空']"
42414,0,"['全家人', '中国东方航空', '头条新闻', '航班', '服务态度', '机票', '全额', '旅行网', '携程', '居家', '亏本生意']"
42649,1,"['航司', '客服', '女士', '机票', '联系', '职能部门', '事宜', '瑞士', '状态', '力量', '记录', '总监', '编号', '经理', '邮箱', '订单']"
42928,0,"['集团', '费用', '中青报', '产业', '交通', '镇江', '工作人员', '江苏', '北京航天', '乐园', '公馆', '公款', '集团公司', '财务', '中心', '监委', '中青网', '酒席', '花费']"
42960,1,"['飞猪', '踢皮球', '新闻', '网友', '高额', '责任感', '发布会', '办理', '离京', '社会', '中国消费者协会', '头条新闻', '手续费', '机票']"
43022,0,"['社会', '金钱', '高尚', '金钱观', '一辆车', '涨工资', '开口', '方式', '门票', '私信', '星辰', '一分钱', '大海', '情操', '胆量', '公司']"
43084,0,"['省际', '班线', '客运', '车辆', '病例', '疫苗', '新冠', '世卫', '旅客', '水龙头', '专家']"
43301,1,"['成都', '中国消费者协会', '订票', '门票', '中国东方航空']"
43315,0,"['重创', '航空', '产品', '内地', '机票', '航班', '大城市', '航空公司', '旅客', '朋友圈']"
