市场,4772
企业,4125
口罩,3660
汽车,3472
产品,2452
公司,2424
需求,2275
科技,2204
发布,2158
旅游,2098
现在,2083
复工,2053
生产,1979
投资,1957
工作,1932
服务,1899
数据,1879
需要,1870
新闻,1862
进行,1844
政策,1842
情况,1802
新冠,1698
手机,1657
肺炎,1642
华为,1549
全国,1545
出现,1511
5G,1505
餐饮,1505
购买,1491
恢复,1479
链接,1469
成为,1433
直播,1419
投诉,1417
社会,1375
今年,1350
政府,1348
网页,1343
使用,1327
信息,1310
关注,1305
销售,1297
知道,1293
电子,1258
收入,1246
觉得,1232
要求,1205
显示,1194
粉丝,1186
近日,1186
发现,1186
认为,1177
商家,1171
选择,1141
措施,1140
活动,1137
补贴,1137
刺激,1134
真的,1123
食品,1119
未来,1112
持续,1105
方面,1105
重要,1104
资金,1100
苹果,1095
15,1080
继续,1064
应该,1063
方式,1062
网络,1060
记者,1055
世界,1050
维权,1049
提供,1045
健康,1038
购物,1037
稳定,1021
肖战,1019
基建,1011
20,1004
部分,996
所有,983
包括,980
金融,978
最大,962
粮食,961
市民,959
加快,952
行动,941
电商,938
居民,934
领域,933
发布会,926
直接,919
国际,915
风险,912
315,911
看到,908
日本,901
之后,888
新型,880
新能源,879
地方,878
行为,878
商务部,876
广告,875
保护,870
消费品,870
文化,868
推出,866
推动,865
一下,862
特别,859
喜欢,857
超市,855
产业,851
医疗,847
进一步,841
带来,838
涨价,838
银行,836
权益,835
比较,833
一起,831
南京,828
建设,826
减少,824
月份,820
建议,816
实施,803
全面,801
工业,801
机会,798
商品,797
冲击,793
报告,790
报道,787
复产,785
地区,783
之前,780
11,780
存在,778
一直,777
12,776
技术,775
达到,774
预期,771
提升,769
预计,768
人员,767
基金,760
导致,759
升级,755
互联网,754
带动,752
股份,751
近期,750
积极,750
创新,748
明显,746
一次,746
做好,744
标准,736
进入,735
今日,735
出台,728
了解,728
以来,725
研究,725
出口,724
提出,719
受到,719
严重,715
A股,714
提振,713
这是,709
宣布,708
外卖,707
是否,703
一种,703
这次,700
第一,697
最近,694
帮助,693
每个,692
发生,688
网友,686
能够,685
回应,682
商业,679
网上,679
两个,677
计划,671
每天,669
员工,669
朋友,668
女性,667
机构,665
医药,664
通知,662
正在,659
实现,658
改变,656
满足,653
当前,653
支付,652
限制,647
信心,646
销量,645
医用,645
线上,643
财经,643
公布,642
消息,642
媒体,640
来说,639
完全,637
价值,637
业务,636
释放,634
数字,633
特斯拉,632
正常,630
贷款,630
投放,628
股市,627
经营,626
环境,624
联合,622
各地,618
管理,617
去年,617
老板,616
结束,612
50,612
关闭,607
零售,604
复苏,604
扶贫,603
造成,602
趋势,601
时代,600
反弹,595
调查,595
资本,595
农业,594
库存,593
专家,592
过去,589
越来越,588
宣传,588
接受,587
拉动,585
长期,583
提醒,583
大幅,581
智能,580
原因,580
群体,577
游戏,574
有人,573
规定,570
内容,568
iPhone,565
体验,565
物资,561
项目,560
无法,556
取消,555
水平,554
订单,554
大量,550
短期,547
有效,547
浙江,544
必要,544
成本,544
规模,543
组织,543
用于,542
意见,542
查询,541
1000,540
不断,540
央视,538
介绍,536
孩子,536
冠状病毒,535
助力,534
进口,533
产能,532
海底,531
24,529
真正,527
分析,527
考虑,526
景区,526
解决,525
13,524
表现,524
压力,524
股票,523
业绩,522
损失,518
科技股,518
俄罗斯,516
人均,514
一点,514
家庭,514
周末,511
事情,511
人民日报,510
官方,509
保持,509
注意,508
16,507
23,505
成都,505
集团,504
只能,504
就业,503
17,502
25,502
引导,500
应对,499
机制,498
芯片,497
诈骗,497
分别,496
猪肉,495
小米,495
连续,495
在线,495
来自,495
容易,494
面临,492
提高,492
防疫,492
14,490
确诊,489
整体,489
海外,489
参与,488
决定,482
空间,482
消费市场,479
潜力,478
控制,478
香港,477
看看,477
龙头,477
教育,476
工信部,476
调整,475
集中,475
历史,474
针对,474
涨幅,474
理性,473
得到,473
亿美元,472
正式,471
事件,471
全部,470
一年,469
一家,467
启动,466
法律,463
产生,460
传统,458
变化,458
作用,457
人民,456
尤其,455
微信,454
合作,454
形成,454
陆续,453
系统,452
公益,452
降低,451
发改委,448
过程,447
准备,447
咖啡,447
半导体,446
系列,445
供应,445
居民消费,444
储备,444
弹性,442
房地产,442
国务院,441
基础,441
门店,441
实际,440
概念,439
几个,439
下午,438
营业,438
感觉,436
商场,435
面对,435
加大,433
快递,432
最高,432
努力,430
小时,429
范围,429
日前,428
制度,427
21,425
设计,424
广大,424
中心,424
以下,423
昨天,423
不到,423
客户,422
娱乐,422
产业链,422
共同,422
线下,421
关系,420
召开,420
以后,420
制造,418
肯定,418
奶茶,417
多地,416
形式,415
供给,414
抗疫,414
江西,413
举报,413
巨大,412
采取,411
属于,411
抗击,409
左右,408
营销,408
坚持,407
免费,407
游客,407
群众,406
整个,406
代表,406
分享,406
3000,405
质量,405
花钱,405
确实,404
当地,404
赚钱,403
效应,403
指出,402
网站,402
时期,401
爆发,400
2000,400
数量,400
一天,399
很大,399
江苏,399
广州,398
带头,398
更好,398
充电,398
基础设施,398
逻辑,397
新车,396
防护,395
支出,395
黄金,395
功能,395
下跌,394
40,393
评论,393
获得,393
支付宝,392
个股,391
利用,390
全省,390
遇到,390
加强,389
韩国,388
操作,388
逐步,388
避免,387
下滑,386
500,385
理解,385
现金,384
GDP,383
美元,383
习惯,382
200,382
危机,382
--,382
啤酒,381
有限公司,379
担心,379
酒店,378
过后,377
交易,377
举措,376
新增,375
战疫,375
最好,375
最终,375
相信,374
内需,373
瑞幸,373
增速,373
感染,372
快速,371
腾讯,371
强调,370
改革,370
白酒,369
较大,368
大众,368
迎来,367
行情,367
西安,366
之间,366
病例,366
涉及,366
28,365
此前,365
打造,364
给予,364
联播,363
三大,362
责任,362
带货,362
处理,361
合理,361
消费观,361
完成,361
顾客,360
目标,360
困难,359
力度,359
家里,359
茅台,359
自然,358
配置,358
会议,358
国产,357
N95,357
电视,356
不用,355
形势,355
英国,354
收到,354
设备,353
会员,351
成功,351
家电,351
27,350
26,350
情绪,349
具有,349
明确,349
告诉,349
提前,348
监督,348
男子,347
有望,347
文旅,347
工作人员,346
上线,346
核心,346
应用,346
明星,346
三个,345
因素,345
简单,345
最新,344
渠道,344
联防,344
大部分,343
联控,343
相对,342
引发,342
场景,341
负责人,341
享受,341
愿意,340
涨停,340
诉讼,338
60,338
高端,338
落实,338
普通,338
全民,337
法院,337
春节,337
依然,336
5000,336
周期,336
学生,335
上升,335
每周,335
程度,333
及时,333
文章,333
开放,333
隔离,333
是不是,333
APP,332
野生动物,332
条件,332
布局,332
31,332
第二,331
值得,331
累计,331
万吨,330
指标,330
虚假,330
假冒伪劣,329
假期,328
具体,328
全市,327
办法,326
运行,326
年轻人,325
一线,325
接触,325
观察,325
理财,325
一份,325
逐渐,324
供应链,324
资产,324
22,324
日常,324
餐饮企业,323
成长,322
一周,322
财政,321
信用卡,321
京报,320
点击,319
价格上涨,319
民警,319
工资,318
综合,318
万个,317
90,315
安排,315
体育,314
加速,314
蔬菜,314
还要,314
不好,313
维护,313
流量,313
自动,313
身边,312
罚款,311
专项,311
金额,311
开启,310
拥有,310
广东,310
人群,309
延长,309
各类,309
确定,309
举行,309
此次,308
实体,306
余承东,306
农产品,306
做到,306
车型,306
副司长,305
推荐,305
现场,305
回落,304
软件,304
回暖,303
一位,303
销售额,303
权益日,303
态度,303
资源,302
上市,301
重新,301
提示,300
优势,300
阶段,300
公众,300
保险,300
老百姓,298
学习,297
出行,297
想要,297
有序,297
至少,297
热点,296
一个月,296
存款,295
在家,294
限购,294
处于,294
依法,293
集体,293
印发,293
美股,293
不足,292
电影,292
领导,292
四川,291
人士,291
统计,291
明天,291
CEO,291
有点,291
CPI,290
试行,290
根本,289
每人,289
纷纷,289
29,288
支撑,288
百分点,288
日起,288
估计,287
原油,287
协会,286
背后,285
每日,285
券商,285
道歉,285
团队,285
为主,284
餐厅,284
一名,284
说明,283
状态,283
大学生,282
确保,282
符合,282
拒绝,281
知识,281
力量,281
优化,280
检测,280
00,280
平均,279
物流,279
司长,279
竞争,279
电池,278
本地,278
嫌疑人,277
受益,277
案例,277
总体,275
荣耀,275
代言,275
充足,275
优惠,275
感谢,274
区域,274
效果,274
仓位,273
货币,273
P40,273
多家,272
心理,272
来源,272
曝光,272
意义,272
服务业,271
执行,271
重庆,271
经历,270
合法权益,270
暂时,270
中央,270
动力,270
不错,269
震荡,269
品种,269
农村,269
特殊,269
低于,269
策略,269
买房,269
关键,268
维持,268
速度,267
证券,267
费用,267
外贸,267
火锅,267
央行,266
当时,266
呼吁,266
医生,266
采访,266
武汉市,265
罗永浩,265
商户,264
失业,264
同样,264
餐饮业,263
期待,263
终于,263
禁止,262
社交,262
变成,262
利益,262
之下,261
消费量,261
所谓,261
真实,261
预约,261
看好,260
合同,260
公开,259
主动,259
警方,259
开机,259
更是,258
公共,258
房子,257
民众,257
经济社会,257
案件,257
领取,256
人民币,256
涉嫌,256
休息,255
买买,255
许多,254
国家统计局,254
对此,254
硬核,254
发挥,253
京东,253
厂商,252
投入,252
倡议,251
300,251
体现,251
商务局,250
生态,250
多个,250
结合,250
上午,250
办公,249
周五,249
场所,249
大米,248
回来,248
消费主义,248
穿山甲,248
女生,247
购车,247
李泰容,247
美食,247
违法行为,247
更新,246
监管,246
适当,246
石油,245
出门,245
1.5,245
便宜,244
迅速,243
强大,243
制造业,243
社区,243
迪士尼,243
里面,242
转发,242
季度,242
采购,242
车辆,242
利润,242
万人,242
10%,242
赔偿,242
首次,242
一次性,242
创造,242
体系,241
记录,241
这一,241
医院,241
一手,241
吸引,241
老师,241
活跃,240
文件,240
创业板,239
环比,239
战略,239
发行,238
权利,238
市场监管,237
反映,237
补助,237
主线,237
加油,237
油价,237
效率,237
财富,236
快乐,236
几天,236
强势,236
现象,236
回补,236
移动,236
举办,235
优质,235
新兴,235
大涨,234
客服,233
概率,233
培育,233
经营者,233
感受,233
建立,232
配送,231
退款,231
爱心,231
欧洲,231
频道,231
坚决,231
大多数,230
运营,230
过度,230
一步,230
以前,230
惠民,229
申请,229
预测,229
监管局,229
休闲,229
打击,228
利好,228
房价,228
年轻,228
工作室,228
最低,228
发文,227
管理局,227
终端,227
意味着,227
能量,226
欺诈,226
山东,226
是因为,226
股价,226
工厂,226
遭遇,225
主播,225
适合,225
大盘,225
下馆子,225
回升,225
挑战,225
提到,225
老人,225
欧元,224
还会,224
总额,224
提质,224
完善,223
日至,223
好好,222
陕西,222
突破,222
前提,222
将会,222
估值,221
主题,221
父母,221
手段,221
人数,221
十分,221
保证,221
中小,221
精神,221
特朗普,220
有所,220
检查,219
自由,219
以为,219
整改,219
重大,219
法国,219
脱贫,219
配合,218
走势,218
讨论,218
典型,218
作息,218
消毒,218
有没有,217
充值,217
粮油,216
面向,216
推行,216
实行,216
观点,216
绿色,216
同意,216
突然,216
农村部,216
一场,215
比例,215
详情,215
角度,215
永远,215
年度,214
意识,214
美团,214
一系列,214
推广,214
中小企业,214
人类,214
一句,213
相比,213
新高,213
大学,212
一批,212
工会,212
欺骗,212
条款,212
信用,212
方案,212
旅行,212
旅游业,211
委员会,211
电话,211
业态,211
通信,211
一张,210
30%,209
防护服,209
奖励,209
材料,209
储蓄,209
未成年人,208
指导,208
食用,208
违法,208
官网,208
房产,208
百合,207
全体,207
via,206
现实,206
改善,206
音乐,206
三星,206
平安,206
理智,206
刚刚,206
专业,206
思考,205
获悉,205
承担,204
冲动,204
尚未,204
网红,204
贡献,204
秩序,204
新浪,204
智能手机,204
实际上,204
万亿,203
中消协,203
民生,203
部署,203
意大利,203
80,203
套路,203
延期,203
搜索,202
变得,202
Pro,202
回答,202
侵犯,202
目的,202
本来,202
发出,201
往往,201
平稳,201
运动,201
有钱,201
放心,201
不想,200
律师,200
就餐,200
蔓延,200
智慧,200
告知,199
对方,199
淘宝,199
真是,199
承诺,199
二手车,199
全新,199
缓解,199
展开,199
基本面,199
保监会,199
后续,198
显著,198
额度,198
第一季度,198
头条,198
低收入,197
活力,197
抵制,197
暴跌,197
应急,197
倡导,196
时刻,196
测试,196
结构,196
不行,196
超级,195
万亿元,195
采用,195
精准,195
计算,195
注册,195
距离,195
协议,194
外出,194
扩容,194
分为,194
湖南,194
普遍,194
明白,193
交通,193
联系,193
伤害,193
存钱,193
有限,193
休假,193
一是,193
纠纷,193
正确,192
追求,192
就要,192
发票,192
尊重,192
女孩,192
输入,192
网购,192
指南,192
餐馆,191
死亡,191
人口,191
登记,191
抵达,191
居家,190
大型,190
做出,190
位置,190
人生,190
二季度,190
商务,189
成立,189
依旧,189
优秀,189
方法,189
常态,189
解除,188
培训,188
澳门,188
外资,188
唯一,188
申领,187
能否,187
记得,187
一条,187
各大,187
调研,187
消费类,187
几年,187
生意,187
收益,187
方便,187
聚焦,186
聚集,186
消费税,186
构成,186
续费,186
小区,186
转型,185
12315,185
类似,185
文明,185
天天,185
阿里,185
书店,184
食物,184
节奏,184
前期,184
良好,183
买车,183
停止,183
总局,183
回归,183
总量,183
...,183
二是,183
商贸,183
收费,183
阶段性,183
年底,182
学校,182
朋友圈,182
少年,182
北京市,182
爆料,181
千万,181
在于,181
欧美,181
开心,181
传播,181
衣服,181
高于,181
原来,181
引起,181
医疗器械,181
起诉,180
十大,180
20%,180
吃饭,180
统筹,180
排名,180
强制,179
直播间,179
融合,179
参考,178
市值,178
程序,178
违规,178
车主,178
奢侈品,178
零售总额,178
清楚,178
已有,178
一边,178
作出,177
开工,177
题材,177
招商银行,177
很快,177
降速,177
监测,177
当天,176
规范,176
一键,176
对象,176
跌幅,176
害怕,176
理由,175
流程,175
Model,175
若干,175
解读,175
牛奶,175
持有,175
不够,175
独立,174
患者,174
作品,174
义务,174
状况,174
能源,174
本周,174
透露,174
开发,173
河南,172
话题,172
王斌,172
职工,172
波动,172
男人,172
接近,172
增强,172
泰国,172
利率,172
海南,172
流通,171
短缺,171
信息化,171
先生,171
住房,171
开业,171
每年,171
德国,171
爱奇艺,171
即可,171
70%,171
60%,171
贵州,171
呈现,171
远程,170
制定,170
暂停,170
事儿,170
省份,170
2500,170
小麦,170
重磅,170
块钱,169
创业,169
分化,169
严格,169
允许,169
下来,169
乡村,169
下单,169
一部分,169
紧急,168
艺人,168
到来,168
特色,168
董事长,168
任务,168
扶持,168
找到,168
本次,167
军机,167
实在,167
账户,167
科学,167
背景,166
代言人,166
地球,166
大跌,166
浙江省,166
贸易,166
月底,166
偶像,166
减免,166
股权,166
时尚,165
政策措施,165
青岛,165
旗下,165
和解,164
整治,164
激发,164
恢复正常,163
沟通,163
短线,163
晚上,163
门票,163
付费,163
欲望,163
天猫,163
曹学军,163
履行,162
上述,162
王思聪,162
垃圾,162
分期,162
鸡蛋,162
增值税,162
3.15,162
长假,162
亚马逊,162
证明,161
欢迎,161
ETF,161
响应,161
冒充,161
荔枝,160
生物,160
四个,160
流行,160
我省,160
董明珠,160
宁波,159
陷入,159
一波,159
研发,159
两年,159
融资,159
video,159
售卖,159
80%,159
光点,159
人民法院,159
酒吧,159
全世界,159
发表,158
收盘,158
定位,158
去年同期,158
安徽,158
细分,158
数字化,158
每次,158
落地,158
自我,158
热情,158
购置,158
公告,158
平时,158
出炉,157
点播,157
人工智能,157
发声,157
回复,157
长春,157
加工,157
摇号,157
房贷,157
联社,156
覆盖,156
环节,156
回家,156
推迟,156
负责,156
改造,156
浪费,155
售价,155
债务,155
统一,155
相当于,155
出游,155
渡过难关,155
女士,155
中报,154
50%,154
丰富,154
疫苗,154
查处,154
超越,154
重启,154
陷阱,154
航空,154
囤积,153
倡议书,153
150,153
干部,153
流动性,153
最多,153
放在,152
排放,152
生存,152
日讯,152
高位,152
表达,152
杠杆,152
便利店,151
堂食,151
河北,151
地产,151
曾经,151
分公司,151
放弃,151
修复,151
带薪休假,151
足够,151
主流,151
劳动力,151
办理,151
商圈,151
牛市,151
深度,150
运营商,150
取得,150
电子商务,150
对比,150
决策,150
思维,150
守护,150
奢侈,150
SUV,150
干部职工,150
光电,150
当代,149
女人,149
套餐,149
驱动,149
监管部门,149
这场,149
随后,149
不可,149
强化,149
必然,149
盘面,149
经理,149
工具,148
早盘,148
声明,148
节目,148
家中,148
分钟,148
叠加,148
两市,148
更大,148
不敢,148
逆势,148
事实,147
多数,147
联网,147
干部带头,147
湖北省,147
怀疑,147
故事,147
一款,147
谨慎,146
2%,146
相应,146
下去,146
本质,146
一项,145
英雄,145
财政部,145
两天,145
省市,145
侵害,145
通用,145
家人,145
共计,145
厕纸,145
加入,145
也许,145
名单,145
办公室,145
面前,145
炒作,145
至今,145
多年,144
日子,144
说法,144
跨境,144
认识,144
转变,144
首席,144
水果,144
排队,144
打算,144
理念,144
下载,144
对冲,143
第一期,143
高度,143
原则,143
扩散,143
研究院,143
实力,143
2021,143
生命,143
包装,142
内部,142
音视频,142
环保,142
日报,142
消防,142
攻坚,142
春天,142
共享,142
钱包,141
追星,141
延续,141
转移,141
萎缩,141
零食,141
解释,141
名称,141
差异,141
质疑,141
现金流,141
第三,141
评价,141
超前,141
饭店,141
美好,141
免征,141
商店,141
规则,141
众多,141
投票,140
优酷,140
一段时间,140
医护人员,140
规划,140
促销,140
学会,140
感情,140
餐饮行业,140
下半年,140
生鲜,140
品质,139
住宿,139
设置,139
疯狂,139
直通车,139
课堂,139
生活必需品,139
操作系统,139
恐慌,139
一件,139
后面,139
商超,139
家长,138
重视,138
等待,138
专门,138
双方,138
昨日,137
以外,137
总统,137
具备,137
尝试,137
4000,137
属性,137
安心,137
开支,137
意思,136
参加,136
信号,136
拉升,136
西贝,136
让利,136
法治,136
各国,136
难以,136
截止,136
慢慢,136
永辉,136
那种,136
这家,136
下面,136
判断,135
乐观,135
走出,135
攻略,135
之外,135
携带,135
想法,135
道理,135
错误,135
率先,135
口粮,135
格局,135
主任,134
做法,134
个人消费,134
下发,134
首架,134
抑制,134
营造,134
机遇,134
4.5,134
破产,134
卫生,133
咨询,133
经验,133
财务,133
消失,133
总是,133
协调,133
应当,133
围绕,133
供应商,133
完毕,133
四大,133
经济学家,133
好像,133
打开,132
物品,132
上市公司,132
这件,132
原本,132
产量,132
宅家,132
王洁莹,132
90%,132
代码,132
降幅,131
亚洲,131
儿童,131
配套,131
发起,131
走强,131
今晚,131
短信,131
100%,131
播报,131
楼市,131
诚信,131
屏幕,131
一半,131
禁令,131
中午,130
用餐,130
心里,130
6%,130
我会,130
暴涨,130
优先,129
饮食,129
700,129
情感,129
细节,129
制作,129
公安,129
......,129
指挥部,129
第一次,129
附近,129
秦淮区,129
只会,128
性能,128
出发,128
这份,128
数据中心,128
反应,128
购置税,128
高达,128
国六,128
似乎,128
食品饮料,128
联盟,128
房租,128
亏损,127
没想到,127
自主,127
无论是,127
持仓,127
沈阳,127
私人,127
投资人,127
支配,127
打卡,127
更换,127
消保委,127
下行,127
强烈,127
层面,127
仪式,127
声音,127
无人,127
居前,126
彻底,126
一段,126
停工,126
天下,126
长沙,126
上周,126
认知,126
信任,126
确认,126
诉求,125
领先,125
电信,125
关心,125
零售额,125
好转,125
金钱,125
反馈,125
买单,125
健身,125
肉类,125
阿里巴巴,125
非典,125
违反,125
大规模,124
永久,124
卡包,124
乐园,124
承认,124
硬件,124
官员,124
公共卫生,124
切实,124
在线教育,124
飞机,124
店铺,124
通行,123
流入,123
分析师,123
大小,123
达成,123
身上,123
拿出,123
年前,123
有利于,123
搭载,123
发力,123
拓展,123
国债,122
高质量,122
啄木鸟,122
类型,122
机关干部,122
酷燃,122
在内,122
天津,122
强劲,122
宜家,122
营收,122
市长,121
佛山,121
新歌,121
普通人,121
多种,121
传媒,121
反复,121
面积,121
延迟,121
自愿,121
态势,121
防止,121
运输,121
印度,121
寻找,120
裁员,120
互动,120
上班,120
回到,120
每月,120
周刊,120
一套,120
百姓,120
证据,120
身份,120
机票,119
造假,119
认真,119
艺术,119
纳入,119
很难,119
35,119
到位,119
热门,119
开发票,119
定向,119
股东,119
反正,119
处罚,119
披露,119
意愿,119
App,118
受新冠,118
姐妹,118
赶紧,118
苏宁,118
依赖,118
巨头,118
名字,118
房屋,118
毛豆,118
侵权,118
放大,118
区别,118
精密,118
倒闭,118
妈妈,117
有力,117
哥哥,117
报复,117
黑猫,117
消费额,117
发钱,117
CNBC,117
周边,117
余额,117
器械,117
认证,117
复杂,117
1%,117
续航,117
耐心,117
号召,117
好看,117
潜在,116
风格,116
多久,116
没什么,116
加仓,116
提问,116
进展,116
看盘,116
好事,116
引领,116
冻结,116
崛起,115
不愿,115
总裁,115
新华社,115
矛盾,115
职业,115
新闻网,115
70,115
业主,115
治理,115
控股,115
热度,115
放松,115
净利润,115
市场供应,115
口红,115
人民政府,115
指涨,114
深入,114
南昌,114
iOS,114
成员,114
示范,114
并未,114
驾驶,114
用来,114
夜间,114
同学,114
广场,114
十年,114
稳健,114
午后,114
首批,114
盘中,114
把握,114
消耗,114
小伙伴,114
大国,113
生猪,113
读书,113
菜品,113
礼物,113
性价比,113
探索,113
每经,113
反对,113
5%,113
匹配,113
食堂,113
舆论,113
再度,113
药店,113
下调,113
长时间,113
默认,113
看法,113
观众,113
一片,113
仅仅,113
18%,113
上网,113
福利,113
连锁,112
忽悠,112
用品,112
人气,112
外媒,112
留给,112
看待,112
客流,112
争取,112
境外,112
广州市,112
损害,112
交通运输,112
中旬,111
机型,111
失去,111
金融机构,111
消费行为,111
熟悉,111
查看,111
总结,111
起到,111
合格,111
要紧,111
实时,111
巴菲特,111
版本,111
2008,111
详细信息,111
小客车,111
广泛,111
购房,110
陈茂波,110
涵盖,110
广西,110
心态,110
感到,110
主力,110
电动车,110
来临,110
公筷,110
预付,110
幸福,110
批准文号,110
降息,110
知名,109
假货,109
锤子,109
担忧,109
财报,109
消防产品,109
阅读,109
两大,109
会上,109
灾难,109
征收,109
南京市,109
麻烦,109
the,109
更高,109
言论,109
国家药品监督管理局,109
正是,109
期货,109
替代,108
奥克斯,108
三月,108
紧缺,108
高管,108
账号,108
中行,108
身体,108
安卓,108
澎湃,108
拿到,108
白马,108
企事业,108
发货,108
竞争力,108
影院,108
扩大内需,108
芒果,108
幅度,108
怒斥,107
分类,107
开门,107
车企,107
95,107
接到,107
新一代,107
管控,107
博物馆,107
特点,107
抓住,107
一轮,107
新鲜,107
苏州,107
着力,107
想想,107
角色,107
同期,107
动物,107
付出,107
胜利,107
首个,107
税收,106
手里,106
买入,106
早上,106
伊利,106
合适,106
打赢,106
设施,106
万辆,106
现代,106
韭菜,106
认定,106
盈利,106
小哥,106
一度,106
积累,106
男生,106
实用,106
地位,106
回调,106
司机,106
停摆,106
分配,105
万件,105
3%,105
空调,105
照片,105
经销商,105
特高压,105
来到,105
临时,105
全线,105
看着,105
段时间,105
对外,105
音频,105
衰退,105
厂家,105
召回,104
机关,104
成交量,104
低位,104
携程,104
退票,104
乘用车,104
大宗,104
旅客,104
超话,104
6000,104
缺乏,104
万家,104
福州,104
凌晨,104
供需,104
小龙虾,104
95%,104
世纪,104
季报,104
净流入,104
创始人,104
予以,104
捐赠,104
满意,103
谢谢,103
性质,103
各行各业,103
药房,103
人民网,103
停产,103
思路,103
争议,103
半年,103
开盘,103
囤粮,103
国家邮政局,103
酒驾,103
公平,103
TV,103
科普,103
国民,103
抓获,103
抓好,102
红利,102
紧张,102
呼吸机,102
杭州市,102
跟踪,102
恐慌性,102
立即,102
新华,102
开通,102
青年,102
高速,102
后期,102
概念股,101
消费水平,101
级别,101
40%,101
想到,101
227,101
课程,101
误导,101
品类,101
所有人,101
焦虑,101
倾向,101
注重,101
完美,101
有个,101
轮动,101
上海市,101
详细,101
作者,101
佩戴,101
农民,101
装修,101
各级,101
播出,100
拐点,100
充裕,100
会同,100
工程,100
逛街,100
钱端,100
凝聚,100
15%,100
低吸,100
苹果公司,100
约合,100
抓紧,100
哄抬物价,100
被执行人,100
杀菌,100
广东省,100
三是,100
派发,100
专属,100
药品,100
经济体,100
周二,100
车市,100
安装,99
宽松,99
粮食供应,99
谷物,99
借钱,99
样子,99
协同,99
好吃,99
内蒙古,99
有着,99
不算,99
旨在,99
偏好,99
饮料,99
囤货,98
挣钱,98
对接,98
特征,98
携手,98
邀请,98
4G,98
格力,98
玩家,98
区块,98
试点,98
随便,98
中国消费者协会,98
超出,98
剩下,98
旗舰,98
对待,97
现有,97
退出,97
位于,97
抢购,97
发言人,97
认可,97
艰难,97
领涨,97
高峰,97
救援,97
主持,97
名义,97
陇南,97
依据,97
扣除,97
三年,97
停滞,97
未经,97
图片,97
挖掘,97
成效,97
淘汰,97
汽车产业,97
合计,97
最佳,96
减产,96
米业,96
辖区,96
某某,96
动态,96
月初,96
非法,96
上面,96
信贷,96
货币政策,96
政治,96
还款,96
45,96
男性,96
高级,96
联邦,96
影响力,96
包含,96
高瓴,96
为此,95
昨晚,95
取决于,95
破坏,95
抵扣,95
评估,95
专注,95
第一个,95
星巴克,95
演示,95
掌握,95
教授,95
记住,95
发动机,95
兑现,95
受访者,95
稻谷,94
普及,94
个别,94
红星,94
影视,94
两种,94
标的,94
答案,94
滞销,94
想象,94
专辑,94
郑州市,94
主席,94
突出,94
我市,94
漂亮,94
令人,94
食品安全,94
救助,94
院长,94
相当,94
密集,94
部长,94
警民,94
自称,94
4.3%,94
依靠,93
LJSTV,93
成熟,93
组合拳,93
进步,93
认同,93
五环,93
可控,93
重庆市,93
五五,93
进出口,93
形象,93
走向,93
度假,93
好处,93
检察,93
瓜菜,93
创意,93
设定,93
留下,93
团体,93
警惕,93
疾病,93
氛围,93
喜爱,93
消费力,92
道德,92
杂志,92
路上,92
人才,92
我要,92
口味,92
给出,92
出手,92
过滤,92
立讯,92
征求意见,92
金健,92
人工,92
事业,92
办公厅,92
主体,92
百亿,92
万美元,92
展示,92
电视台,92
事实上,92
便利,92
扣取,92
切换,92
提交,92
总部,92
当年,92
实物,92
利息,91
请问,91
800,91
危险,91
霸王,91
查获,91
奔驰,91
补充,91
SE,91
五粮液,91
放宽,91
要素,91
点评,91
思想,91
农贸市场,91
医护,91
韧性,91
加剧,91
澳大利亚,90
物质,90
避险,90
最快,90
自救,90
专家建议,90
交流,90
无须,90
镜头,90
日晚,90
平衡,90
变相,90
耳机,90
国人,90
经济学,90
痛点,90
结婚,89
整理,89
指定,89
算是,89
收集,89
无疑,89
DAYTOY,89
各方,89
离开,89
丰田,89
描述,89
抄底,89
节日,89
组合,89
诸多,89
收购,89
提起,89
骗子,89
理论,89
低迷,89
百货,89
萧条,89
日常生活,89
困境,89
账单,89
肯德基,89
新一轮,89
比重,88
租金,88
魅族,88
团肖战,88
北大,88
公园,88
培养,88
基层,88
资讯,88
百万,88
4.53,88
地图,88
银行卡,88
吃喝,88
始终,88
比亚迪,88
通报,88
内地,88
负担,87
封锁,87
观看,87
理想,87
过剩,87
外观,87
财政司,87
运回,87
点赞,87
半价,87
机器,87
日记,87
3.5,87
上证,87
之中,87
之际,87
错过,87
保护局,87
保质期,87
联动,87
局长,87
远离,87
一只,86
OPPO,86
住宅,86
哄抬,86
超前消费,86
体制,86
酒精,86
青睐,86
通胀,86
失信,86
看见,86
负面,86
没用,86
恶意,86
独家,86
财产性,86
潮流,86
定义,86
主导,86
闵行,86
不买,86
呼和浩特,86
下周,85
港币,85
走进,85
为啥,85
机器人,85
热线,85
习近平,85
交付,85
清单,85
客观,85
持股,85
业内人士,85
限额,85
电器,85
大增,85
出货量,85
治疗,85
天眼,85
适用,85
米面,85
跌停,85
助农,85
订餐,85
降价,85
海豚,85
留言,85
味道,84
摄像头,84
心情,84
嘉兴,84
动员,84
省钱,84
捐给,84
打赏,84
综艺,84
家具,84
拍照,84
心中,84
跟着,84
五大,84
纽约,84
证券时报,84
预算,84
and,84
1500,84
怀化市,84
图书,84
手中,83
基地,83
关门,83
型号,83
清洁,83
干货,83
购物中心,83
下旬,83
催生,83
攻击,83
新品,83
东方,83
同行,83
树立,83
新加坡,83
最强,83
of,83
崩溃,83
种植,83
防范,83
途径,83
九大,83
前面,83
密切,83
帮忙,83
对应,83
周一,83
消费观念,83
封城,83
兑付,83
抢券,82
预告,82
实名,82
买家,82
企业家,82
原材料,82
扩张,82
景气,82
怀化,82
预算案,82
严禁,82
命令,82
年内,82
卖出,82
初步,82
两类,82
澳门元,82
端的,82
电子产品,82
北向,82
倒掉,82
说话,82
循环,82
重创,82
不让,82
风口,82
构建,82
生效,82
繁荣,82
精致,82
一笔,82
表明,82
假冒,82
智能化,82
大陆,82
拨打,81
电脑,81
一台,81
阻击战,81
过来,81
1.8,81
列入,81
受害者,81
公寓,81
技能,81
网易,81
金融市场,81
YoY,81
放开,81
格式,81
公勺,81
HMS,81
放缓,81
睡觉,81
演员,81
后悔,81
检察官,81
经济损失,81
也就是说,80
榜单,80
上演,80
向上,80
穷人,80
成绩,80
上游,80
厉害,80
入境,80
基站,80
上年,80
放量,80
不确定性,80
一层,80
美联储,80
口袋,80
龙头股,80
虚拟,80
底部,80
保险公司,80
小幅,80
零部件,80
印象,79
瞬间,79
份额,79
空气,79
好多,79
放水,79
排除,79
定价,79
暴力,79
垄断,79
收益率,79
帮扶,79
被迫,79
可怕,79
消除,79
顺利,79
租赁,79
江苏省,79
女儿,79
吉利,79
物价上涨,79
网民,79
高速公路,79
客户端,79
股指,79
大力,79
意外,79
老字号,79
个体,79
市政府,79
退还,78
这位,78
化妆品,78
精英,78
此事,78
连接,78
盲目,78
流动,78
爸爸,78
难题,78
随意,78
可爱,78
收缩,78
现阶段,78
小心,78
消毒液,78
随时,78
下乡,78
哔哩,78
充满,78
创作,78
研制,78
首选,78
2022,78
被动,78
高价,78
朱一龙,78
行动计划,78
缺口,78
刚需,77
春季,77
李艺彤,77
机场,77
两周,77
资料,77
全程,77
批评,77
有意思,77
外国,77
自行,77
激活,77
激增,77
财政局,77
获取,77
汽车行业,77
网文,77
索尼,77
网点,77
面粉,77
各项,77
盗窃,77
听说,77
科比,77
亿吨,77
共有,77
人会,77
公民,77
承受,77
页面,77
景点,77
西方,77
尾盘,77
姚洋,76
差距,76
显然,76
服装,76
负债,76
魏百刚,76
惠及,76
登录,76
可能性,76
赛道,76
南方,76
半天,76
抵押,76
财产,76
开学,76
实验,76
卖家,76
客人,76
体温,76
华盛顿,76
第二期,76
运转,76
坚定,76
三亚,76
儿子,76
两家,76
2015,75
江西省,75
设立,75
短期内,75
北美,75
遭受,75
不变,75
文体,75
清晰,75
积分,75
不利,75
食材,75
生产者,75
宏观,75
透支,75
县长,75
工作制,75
金融危机,75
语音,75
畅通,75
论证,75
遏制,75
长安,75
打假,75
教师,75
年报,75
城乡,75
白马股,75
增量,75
完整,75
加码,75
大佬,75
600,75
上限,75
通常,75
卫生部,75
兴趣,74
折叠,74
批次,74
威胁,74
考验,74
报警,74
回收,74
消协,74
实体店,74
亿人,74
服务行业,74
投稿,74
老公,74
结构性,74
扣费,74
发动,74
一致,74
专访,74
敏感,74
普京,74
一杯,74
规划司,74
1.2,74
占据,74
居住,74
核酸,74
货物,74
收藏,74
400,74
减轻,74
劳动,74
劳动节,74
打破,74
振兴,74
谷歌,74
贩卖,73
并举,73
7%,73
长远,73
美的,73
法官,73
购房者,73
蛋糕,73
一把,73
论坛,73
正面,73
降级,73
透明,73
截图,73
失业率,73
养成,73
选购,73
致歉,73
玉米,73
转化,73
星球,73
收获,73
机动车,73
粮价,73
连休,73
总工会,73
梳理,73
视点,73
老婆,73
第三方,73
西安市,73
中间,73
加拿大,73
恋爱,73
多发,73
马车,73
价值观,73
平等,73
多名,73
青春,73
约定,73
做饭,72
防尘,72
马云,72
热爱,72
观念,72
甘肃省,72
介入,72
变更,72
订金,72
适度,72
维修,72
国内外,72
以往,72
期限,72
三天,72
榨菜,72
生活费,72
相继,72
物价,72
却是,72
经典,72
技术规范,72
李佳琦,72
周四,72
宝马,72
复业,72
执法,72
援助,72
2003,72
台湾,72
读者,72
实验室,72
必需品,71
出售,71
搭售,71
一路,71
运用,71
原料,71
夏季,71
演出,71
体会,71
抽奖,71
涨超,71
底线,71
增值,71
犯罪,71
一年一度,71
四新,71
商务厅,71
警告,71
密码,71
济南,71
整改意见,71
减税,71
爱情,71
营养,71
每辆,71
简称,71
道路,71
美好生活,71
火爆,71
标普,71
城镇,71
人道主义,70
中介,70
PP,70
往年,70
仔细,70
连板,70
博主,70
汉堡,70
大会,70
无数,70
命运,70
确定性,70
称为,70
乱象,70
专用,70
前往,70
稳步,70
这才,70
温州,70
常见,70
疫后,70
中新,70
买点,70
严查,70
证券报,70
严峻,70
吐槽,70
一大,70
调控,70
火锅店,70
所在,70
网游,70
冷静,70
民宿,70
收评,70
螺蛳,70
百般,70
庞大,69
想着,69
反思,69
解决方案,69
自信,69
农户,69
此时,69
疾控中心,69
喜茶,69
美丽,69
报名,69
歧视,69
隔离病房,69
私募,69
装备,69
位居,69
有助于,69
火灾,69
期望,69
一时,69
中长期,69
扎堆,69
针对性,69
大豆,69
温暖,69
是从,69
缴纳,69
房住,69
入口,69
库存量,69
深化,69
无效,69
早期,69
拍摄,69
万份,68
一堆,68
8%,68
花费,68
ETC,68
批准,68
37,68
路线,68
凤凰网,68
飞抵,68
两次,68
特定,68
壮大,68
买卖,68
学院,68
产销,68
不停,68
保守,68
安全性,68
明年,68
巴氏,68
下游,68
美容,68
结论,68
全网,68
家居,68
五年,68
成交,68
明日,68
皮肤,68
区间,68
助推,68
惊喜,68
水泥,68
异动,68
AI,68
每位,68
开发商,68
VIP,68
珠海,68
秘书长,67
口碑,67
首付,67
押金,67
负增长,67
早已,67
本轮,67
打电话,67
吃货,67
仅为,67
不高,67
诞生,67
车贷,67
侵权行为,67
负面影响,67
王一博,67
通道,67
报收,67
抱团,67
酱油,67
兄弟,67
5.4%,67
坚守,67
外围,67
我家,67
变革,67
女朋友,67
审讯,67
协商,67
按下,67
最为,67
包裹,67
核实,67
手动,67
当事人,67
受理,67
识别,67
痛苦,67
高开,67
号牌,67
减配,67
xz,67
任正非,67
海天,67
量力而行,67
建筑,67
纸质,67
督促,67
低价,67
补偿性,66
增幅,66
餐桌,66
审美,66
重要性,66
互联,66
流向,66
显得,66
生态环境,66
四川省,66
展望,66
签约,66
留学,66
教师工资,66
低开,66
岗位,66
有效期,66
事业单位,66
飙升,66
数码,66
语言,66
越南,66
这部分,66
抵赖,66
多位,66
后市,66
调解,66
停业,66
物业,66
一加,66
悲观,66
干嘛,66
当初,66
原有,66
工信,66
5.2%,65
以旧换新,65
人脸识别,65
之内,65
38,65
熔断,65
这点,65
谣言,65
赵明,65
姐姐,65
复盘,65
红包,65
总书记,65
好消息,65
远远,65
常务会议,65
增多,65
早就,65
东京,65
头部,65
多吨,65
0.5,65
年来,65
进度,65
无线,65
单一,65
载有,65
必需,65
上半年,65
聊天,65
警察,65
一生,65
8000,65
大于,65
转向,65
电影院,65
申报,65
单曲,65
标识,64
局面,64
社保,64
前景,64
未成年,64
航空公司,64
卖货,64
没钱,64
成年人,64
辞职,64
巴西,64
to,64
一篇,64
时艰,64
溢价,64
多措,64
卫生纸,64
门口,64
策划,64
创投,64
捐款,64
研报,64
乳业,64
外面,64
航班,64
网贷,64
弱势,64
契机,64
共识,64
刑事拘留,64
无需,64
中信,64
没错,64
舒服,64
报废,64
等于,64
app,64
还好,64
面包,64
首页,64
一部,64
事项,63
分手,63
相机,63
被捕,63
in,63
工人,63
0.5%,63
社会主义,63
一空,63
旅行社,63
年代,63
同机,63
打通,63
调节,63
手续费,63
颜色,63
顺德,63
异常,63
难度,63
入园,63
制品,63
云南,63
出租车,63
多项,63
流出,63
验证,63
有钱人,63
万笔,63
提倡,63
焦点,63
标志,63
太高,63
良心,63
先后,63
本土,63
佣金,63
改正,63
天内,63
燃油,63
温度,63
一块,63
市场份额,63
高兴,63
权力,63
旧款,62
和谐,62
1.3,62
味业,62
混合,62
询问,62
上行,62
上门,62
解答,62
成果,62
粉丝团,62
养老,62
网络游戏,62
收取,62
云闪付,62
电动汽车,62
超跌,62
固定资产,62
无关,62
首期,62
两人,62
开封市,62
扣款,62
永久性,62
权威,62
中华,62
备受,62
恶化,62
王者,62
120,62
违约,62
北方,62
药业,62
适应,62
退货,62
失败,62
买到,62
相互,62
面子,62
正当竞争,62
转为,61
普法,61
货车,61
售后,61
分歧,61
标注,61
北上,61
军工,61
照顾,61
创下,61
划算,61
厦门,61
电动,61
人伐,61
审核,61
回报,61
索赔,61
迁移,61
设计师,61
无奈,61
本月,61
03,61
固定,61
少数,61
烟火,61
全球化,61
一辈子,61
发酵,61
黄金周,61
佛山市,61
粮食产量,61
器件,61
明明,61
行政,61
伴随,61
由此,61
重仓,61
租车,61
森林,61
新建,61
无忧,61
降到,61
动能,61
土豆,61
此类,61
驰援,61
洗脑,61
KTV,61
白宫,61
造谣,61
16.8,60
有用,60
安乐死,60
商业模式,60
从来不,60
万桶,60
降准,60
购买力,60
副总裁,60
这块,60
合法,60
弥补,60
大方向,60
尽力,60
到期,60
接力,60
法规,60
制造商,60
大力支持,60
本书,60
目的地,60
哪家,60
这时候,60
航天,60
P2P,60
轻易,60
灵活,60
剩余,60
伟大,60
基因,60
人性,60
韦尔,60
受损,60
冬季,60
忘记,60
无限,60
第四季度,60
33,60
听到,60
攀升,60
动作,60
纠结,60
自律,60
一面,60
4%,60
年龄,60
昆明,59
万张,59
旺季,59
女孩子,59
到达,59
2009,59
从业人员,59
砍单,59
责令,59
在外,59
赋能,59
擅自,59
自给自足,59
误解,59
指跌,59
钻石,59
up,59
第一批,59
同步,59
化妆,59
总经理,59
诱导,59
权重,59
常常,59
对话,59
表面,59
解决问题,59
2983,59
排查,59
一辆,59
做事,59
三倍,59
短时间,59
保时捷,59
便捷,59
定期,59
天然气,59
爱豆,59
两分钟,58
实业,58
宠物,58
几次,58
执法人员,58
大面积,58
25%,58
不良,58
量化,58
歌尔,58
力争,58
证实,58
今后,58
财政政策,58
骑手,58
封闭,58
产出,58
愤怒,58
新政,58
规律,58
反感,58
亮相,58
妇女,58
门槛,58
举报电话,58
真相,58
安全感,58
张勇,58
入手,58
私信,58
精选,58
等级,58
眼睛,58
新华网,58
入驻,58
素质,58
高效,58
小孩,58
散热,58
不可抗力,58
经营性,58
博弈,58
消費,58
情形,58
情怀,58
肖战及,58
二次,58
逾期,58
详见,58
市委书记,58
万余元,58
媒体报道,58
预防,58
否认,58
解锁,57
市委,57
阳光,57
高点,57
次数,57
动用,57
尺寸,57
南丁,57
现状,57
公里,57
激励,57
到家,57
乳制品,57
保留,57
悄悄,57
麦当劳,57
尽快恢复,57
作业,57
储存,57
额外,57
省政府,57
春暖花开,57
建材,57
游览,57
行政处罚,57
结余,57
例子,57
一群,57
32,57
一碗,57
手上,57
修订,57
本市,57
妥协,57
浪潮,57
付款,57
立案,57
刀片,57
跳过,57
餐饮店,57
短暂,57
6.8%,57
攒钱,57
2014,57
邮轮,57
店里,57
依规,56
警示,56
持续性,56
看似,56
穿戴,56
市场需求,56
恭喜,56
经济运行,56
收窄,56
资费,56
深刻,56
没法,56
强力,56
西班牙,56
这波,56
人物,56
野味,56
摄影,56
对抗,56
合规,56
补涨,56
锂电池,56
集成电路,56
担当,56
舒适,56
随手,56
土地,56
打折,56
千元,56
多省,56
生产日期,56
免除,56
公斤,56
深圳市,56
暴发,56
修改,56
职场,56
不去,56
基建投资,56
增长点,56
商铺,56
感知,56
俱乐部,56
遭到,56
二线,56
行业龙头,56
格力电器,56
太多,56
检验,56
轻松,56
善良,56
买不起,56
处在,56
顺便,56
深成指,56
大牌,56
应有,55
阻止,55
VR,55
首轮,55
经济衰退,55
东莞,55
民间,55
一代,55
梦想,55
不予,55
特性,55
名下,55
身体健康,55
安徽省,55
扫码,55
商城,55
糟糕,55
受阻,55
净化,55
为例,55
有时候,55
窖藏,55
折扣,55
羊毛,55
有利,55
午评,55
洞察,55
合肥,55
出于,55
走访,55
银行业,55
稳定增长,55
大使,55
消化,55
55,55
一类,55
流感,55
深化改革,55
大城市,55
七成,55
AR,55
跨界,55
交往,55
过期,55
测算,55
去世,55
巴伦,55
量产,55
评测,55
速冻,55
主板,55
一顿,55
公交,55
后果,55
晚间,55
退回,54
干净,54
迹象,54
主持人,54
在意,54
决胜,54
经销,54
被盗,54
总价值,54
万亿美元,54
跟风,54
价位,54
第一天,54
后者,54
和平,54
适时,54
重复,54
李克强,54
标签,54
婚礼,54
污染,54
复市,54
四月,54
二维码,54
克服,54
生产商,54
突发,54
存量,54
伙伴,54
奶粉,54
四季度,54
家属,54
时机,54
派出所,54
整车,54
聚餐,54
母亲,54
保监局,54
购节,54
牺牲,54
许可,54
绝大部分,54
满满,54
福特,54
辽宁,54
36,54
买个,54
统计局,54
删除,54
直击,54
实际行动,54
吃喝玩乐,54
未能,54
文字,54
英语,54
有趣,54
只不过,54
加油站,54
外地,54
贫困地区,54
中国银行,54
增加值,54
无聊,54
补偿,54
授权,54
酿酒,54
独特,54
男朋友,54
首发,54
牛股,54
麒麟,54
日期,54
省消,53
指望,53
三驾,53
直到,53
企稳,53
店员,53
泡沫,53
新机,53
路径,53
闻泰,53
代理,53
封面,53
大幅度,53
单身,53
战胜,53
亿多吨,53
伦敦,53
专题,53
战争,53
保委在,53
结账,53
小微,53
旗舰店,53
双品,53
钢铁,53
心疼,53
投机,53
安利,53
大爷,53
卫星,53
恶心,53
无线耳机,53
三成,53
从事,53
债券,53
从业者,53
定制,53
压缩,53
短板,53
中期,53
丧失,53
内心,53
批量,53
建成,53
对华,53
再也,53
精彩,53
颜值,53
炒股,53
塑料,53
主粮,53
凸显,53
爱好,53
全天,53
得知,53
链条,52
手表,52
精力,52
不小,52
地点,52
尴尬,52
调味品,52
营业额,52
方便面,52
降薪,52
房东,52
拍卖,52
居民收入,52
新疆,52
压抑,52
一看,52
竞争对手,52
晚会,52
想起,52
恐惧,52
半份,52
前所未有,52
密度,52
假日,52
总理,52
正当,52
710,52
周三,52
1.6,52
隐患,52
舞台,52
街道,52
求助,52
玩游戏,52
净资产,52
快讯,52
工作日,52
不必要,52
本期,52
纪录片,52
热议,52
高通,52
人民银行,52
管理层,52
展现,52
茶叶,52
总数,52
成都市,52
辛苦,52
市场经济,52
百度,52
重仓股,52
2600,52
主张,52
反转,52
成交额,52
贫困,52
探访,52
突如其来,52
拯救,52
惊人,52
涨跌,52
权益保护法,52
山西,52
新兴产业,52
多人,51
疑似,51
相同,51
零售业,51
像是,51
公务员,51
边际,51
对手,51
带给,51
低保,51
面值,51
资格,51
不符,51
250,51
爆款,51
书记,51
聊聊,51
省内,51
买菜,51
电影票房,51
速递,51
奥迪,51
形态,51
步行街,51
机械,51
流传,51
中国联通,51
这句,51
缩量,51
暴增,51
起码,51
豪华,51
留学生,51
降至,51
授予,51
晶方,51
34,51
性别,51
羡慕,51
借贷,51
老年人,51
李献丰,51
新机型,51
衡量,51
障碍,51
还债,51
亮点,51
高潮,51
送到,51
讨厌,51
半个,51
人为,51
保有量,51
商业价值,51
最美,51
变现,51
治愈,51
积极性,51
原料药,51
交给,50
小镇,50
面试,50
黄智博,50
大手大脚,50
外界,50
同一,50
优惠券,50
搭配,50
新区,50
上万元,50
司法,50
微博上,50
青少年,50
老旧,50
中华人民共和国,50
爆单,50
一遍,50
分布,50
野生,50
指引,50
测温,50
传递,50
安慰,50
调剂,50
成分,50
大厦,50
天气,50
志愿者,50
决战,50
蓝筹,50
富有,50
第四,50
三观,50
功率,50
人造肉,50
一人,50
央视网,50
农场,50
1200,50
IP,50
车展,50
种业,50
代价,50
暴露,50
接待,50
转账,50
单独,50
初一,50
富人,50
排行榜,50
造型,50
你家,50
见闻,50
两会,50
更新换代,50
伪造,50
港口,50
万部,50
1.4,50
售罄,50
民族,50
接连,49
8K,49
测评,49
分行,49
常会,49
谈到,49
必备,49
拿来,49
主因,49
该不该,49
本金,49
头版,49
法律法规,49
增设,49
免息,49
低调,49
打出,49
牛肉,49
记忆,49
柴油,49
必选,49
看出,49
用语,49
判决,49
解析,49
占有量,49
影视娱乐,49
开车,49
不法分子,49
办好,49
外贸企业,49
这类,49
纹眉,49
危害,49
吃火锅,49
消费信贷,49
服务员,49
招行,49
利空,49
大姐,49
迅雷,49
全额,49
奥运会,49
高频,49
深深,49
发给,49
离不开,49
委托,49
湖南省,49
赔偿损失,49
万物,49
进程,49
赢得,49
交易日,49
实实在在,49
领到,49
同事,49
分局,49
到时候,49
旺盛,49
进价,49
精品,49
RCS,49
间隔,49
演艺,48
九磅十伍,48
粮食安全,48
自觉,48
将来,48
发达,48
节前,48
供应量,48
不合理,48
订购,48
大赏,48
出货,48
购进,48
涉案,48
发达国家,48
积蓄,48
势头,48
集成,48
行列,48
乘坐,48
多元,48
发展趋势,48
差别,48
一方,48
差异化,48
聪明,48
编辑,48
本田,48
便士,48
医疗保健,48
自费,48
共克,48
医美,48
茅台酒,48
锻炼身体,48
南昌市,48
外需,48
播放,48
一点点,48
早稻,48
骗局,48
带领,48
新闻记者,48
宝宝,48
事故,48
阶层,48
欧盟,48
请求,48
饭圈,48
黑天鹅,48
所得,48
折腾,48
智商,48
低估,48
西城区,48
以此,48
东南亚,48
存储,48
一览,48
娱乐场所,48
线路,48
vivo,48
非洲,48
220,47
人流,47
热干面,47
五个,47
2.0,47
头发,47
纽约州,47
国庆,47
双重,47
冲高,47
感动,47
党员,47
哈哈哈哈,47
街区,47
某种,47
正好,47
单日,47
伤口,47
助理,47
提速,47
实惠,47
绑架,47
爆雷,47
地铁,47
公主,47
核销,47
华人,47
供货,47
领跌,47
新款,47
准确,47
2.8,47
单价,47
基础性,47
海关,47
底气,47
掀起,47
趋于,47
三无,47
招商,47
保供,47
随机,47
交代,47
视觉,47
减肥,47
万台,47
幻想,47
科技类,47
高科技,47
维度,47
出资,47
业内,47
冠军,47
步伐,47
女子,47
发了,47
高档,47
微商,47
运势,47
文案,46
厨房,46
实战,46
这笔,46
三种,46
家政,46
商机,46
依托,46
福建,46
防护用品,46
3.18,46
发送,46
金融服务,46
得以,46
输出,46
恶劣,46
河南省,46
农副产品,46
窗口,46
该院,46
1600,46
公示,46
检察院,46
4S店,46
水产品,46
列为,46
中产,46
小吃,46
自行车,46
28%,46
公共场所,46
引爆,46
合作伙伴,46
注定,46
生产总值,46
大哥,46
新低,46
没来,46
这条,46
纳税,46
不太,46
部副,46
达产,46
营业时间,46
节省,46
全方位,46
第二天,46
主管部门,46
校园,46
健身房,46
东明县,46
科创板,46
大额,46
多点,46
龙头企业,46
推介,46
电视剧,46
中国政府,46
快餐,46
属实,46
一期,46
绍兴,46
PK,46
今天上午,46
党中央,46
触底,46
长线,46
处级,46
离婚,46
时称,46
科级,46
天后,46
演唱会,46
研究所,46
生物医药,46
年初,46
深受,46
通告,45
对照,45
受欢迎,45
打工,45
高铁,45
HW3.0,45
公安局,45
建投,45
受害人,45
演讲,45
合力,45
白白,45
日本政府,45
千万别,45
掏钱,45
考试,45
翻车,45
人心,45
借助,45
六成,45
万达,45
乐动,45
盒马,45
配备,45
喜好,45
沙特,45
或者说,45
老赖,45
以内,45
原创,45
知识产权,45
妻子,45
商报,45
经济援助,45
港股,45
0.8%,45
贯彻落实,45
工艺,45
水电费,45
色彩,45
行程,45
疲软,45
换机,45
约束,45
社会公众,45
稍微,45
限度,45
搜狐,45
界面,45
零售商,45
联手,45
未必,45
获利,45
缩减,45
上榜,45
烟酒,45
开抢,45
看过,45
努力实现,45
王先生,45
日到,45
运作,45
激烈,45
临近,45
中國,45
滞留,45
粉圈,45
关联,45
气温,45
防治,45
收涨,45
欧菲光,45
方方,45
金属,44
专区,44
180,44
可惜,44
养殖,44
一共,44
出国,44
日均,44
股民,44
返还,44
价格比,44
眼前,44
帕萨特,44
万人次,44
务实,44
跟进,44
革命,44
余名,44
九成,44
发工资,44
据统计,44
没事,44
出鞘,44
交警,44
母婴,44
小天,44
回顾,44
副局长,44
转债,44
不该,44
看不到,44
回合,44
刻意,44
三安,44
08,44
更改,44
分餐制,44
返岗,44
路透社,44
烧烤,44
远高于,44
包包,44
当成,44
扰乱,44
澳洲,44
宁德,44
销售量,44
小店,44
中国移动,44
赔偿金,44
追加,44
工作者,44
较强,44
需求量,44
返利,44
散户,44
重回,44
1.5%,44
研究员,44
珍惜,44
42,44
打着,44
千万元,44
长峰,44
解封,44
乐视,44
开屏,44
人身,44
姑娘,44
抵御,44
支援,44
拥抱,44
2023,44
包月,44
翻包,44
运抵,43
收费站,43
不动产,43
10000,43
平常,43
收跌,43
时段,43
上调,43
难关,43
莜面,43
官博,43
玻璃,43
初期,43
爱好者,43
家用,43
翻倍,43
带有,43
手游,43
两位,43
刷卡,43
噱头,43
地址,43
搞笑,43
一组,43
不住,43
一律,43
全是,43
著名,43
圈内,43
套现,43
种草,43
信誉,43
多万,43
BBC,43
弹个,43
颜悦色,43
几百,43
主要矛盾,43
隐形,43
活下去,43
朝阳区,43
真香,43
菜单,43
生气,43
攻坚战,43
减弱,43
发送量,43
导购,43
国民经济,43
刘强,43
底层,43
中共中央政治局,43
助手,43
半数,43
置换,43
领券,43
协助,43
夜市,43
立法,43
蛋壳,43
总会,43
疑问,43
批发,43
5.3%,43
多大,43
困难群众,43
文具,43
绝大多数,43
最早,43
都市,43
中国日报,43
走低,43
得出,43
相结合,43
魅力,43
租房,43
封测,43
监控,43
封板,43
巩固,43
最初,43
致敬,43
取代,43
赋予,42
亿件,42
强势股,42
表彰,42
高额,42
玩法,42
张云雷,42
小朋友,42
急需,42
自拍,42
回购,42
再现,42
低点,42
仅供参考,42
大礼包,42
中新网,42
联通,42
消费结构,42
转车,42
7.8,42
走高,42
攀比,42
华天,42
cn,42
一道,42
价格下降,42
自研,42
中线,42
街头,42
换个,42
现已,42
灵魂,42
护士,42
条例,42
扣费前,42
广汽,42
价格指数,42
升级版,42
含量,42
内涵,42
环球网,42
室内,42
症状,42
传染病,42
释放出来,42
追捧,42
传染,42
生日,42
李国铎,42
心动,42
推销,42
华润,42
视角,42
名牌,42
喜马拉雅,42
免疫力,42
飞猪,42
The,42
动荡,42
好物,42
抱怨,42
巨额,42
化解,42
借口,42
元素,42
省级,42
宏观经济,42
缓慢,42
均衡,42
特权,42
365,42
频频,42
商人,42
迎合,42
一事,42
360,42
谈恋爱,42
44,42
可口可乐,42
呼声,42
深夜,42
首都,42
开设,42
招聘,42
多则,42
争论,42
免税,42
说出,42
值得注意,42
快速增长,42
特区,42
二月,42
刷屏,42
太大,42
注入,42
间接,42
售出,42
京津冀,42
不向,42
随之,42
真假,41
证券日报,41
当日,41
商业银行,41
雷军,41
教父,41
相反,41
华东政法,41
大河,41
年末,41
留意,41
哈增友,41
增长率,41
鲜花,41
证书,41
村长,41
问卷,41
目光,41
综合体,41
外部,41
杜绝,41
美国政府,41
相亲,41
表态,41
隐私,41
选股,41
海鲜,41
美味,41
欣赏,41
不宜,41
创出,41
亲友,41
2025,41
清理,41
好评,41
红色,41
储备粮,41
澄清,41
监督管理,41
天假,41
资本家,41
不可避免,41
国有,41
一分,41
毕业,41
严格执行,41
诺基亚,41
收货,41
探讨,41
手法,41
投向,41
变动,41
经济危机,41
无所谓,41
原价,41
引擎,41
复制,41
丛亮,41
冲突,41
信息技术,41
服务费,41
强制性,41
支队,41
显现,41
渴望,41
线索,41
遗憾,41
李现,41
游资,41
中药,41
有权,41
犹豫,41
探底,41
店家,41
懂得,41
IoT,41
没人,41
眼下,41
先到,41
结合实际,41
重振,41
结果显示,41
忽略,41
入场,41
西城,41
7000,41
最长,40
情侣,40
局势,40
钟南山,40
一夜,40
婚姻,40
冰箱,40
画面,40
传导,40
眼里,40
关键时期,40
指责,40
New,40
亿只,40
上汽,40
玩具,40
基金会,40
上课,40
罗斯福,40
寻求,40
好友,40
进化,40
转让,40
真诚,40
农村居民,40
放假,40
退订,40
境内,40
切记,40
奶农,40
生长,40
很长,40
关键词,40
稳住,40
铺子,40
营商,40
纸巾,40
一亿,40
处置,40
这批,40
抛弃,40
父亲,40
品尝,40
全员,40
友商,40
家门,40
遵守,40
立法会,40
持平,40
身份证,40
药物,40
走弱,40
上帝,40
社零,40
野菜,40
失望,40
指示,40
很小,40
万港元,40
有何,40
签订,40
时隔,40
创业者,40
卖方,40
第二个,40
官宣,40
足以,40
清明,40
发国难财,40
青海,40
公募,40
长江,40
行使,40
春节假期,40
高层,40
个点,40
引入,40
人体,40
美妆,40
预订,40
一审,40
早餐,40
春运期间,40
记账,40
化工,40
朱民,40
合伙人,40
下次,40
资本主义,40
涪陵,40
寒冬,40
吸引力,40
投诉量,40
IT,40
水瓶,40
长春市,40